magicImpute-Summary,Erroneous founder genotypes
Index(chr|marker|ind),Chromosome,SNP,Individual,Gender,ObservedGenotype,CalledGenotype,ImputedGenotype
magicImpute-Summary,Erroneous offspring genotypes
Index(chr|marker|ind),Chromosome,SNP,Individual,Gender,ObservedGenotype,CalledGenotype,ImputedGenotype,DiplotypeProb(11|22 or 11|12|21|22)
1|3|55,1,MN1_112907,ProgenyLine55,NotApplicable,21,21,11,0.99146|0.00352|0.00001|0.00501
1|12|15,1,MN1_1042427,ProgenyLine15,NotApplicable,11,11,12,0.05534|0.93907|0.00034|0.00525
1|19|69,1,MN1_2547756,ProgenyLine69,NotApplicable,12,12,22,0.00053|0.00517|0.00447|0.98983
1|23|85,1,MN1_2991816,ProgenyLine85,NotApplicable,12,12,11,0.95395|0.|0.04091|0.00514
1|28|24,1,MN1_3294749,ProgenyLine24,NotApplicable,22,22,11,0.94915|0.00044|0.|0.05041
1|28|26,1,MN1_3294749,ProgenyLine26,NotApplicable,22,22,11,0.98287|0.00008|0.|0.01705
1|28|37,1,MN1_3294749,ProgenyLine37,NotApplicable,22,22,11,0.98726|0.00008|0.0002|0.01246
1|28|49,1,MN1_3294749,ProgenyLine49,NotApplicable,22,22,11,0.98166|0.00008|0.|0.01826
1|28|53,1,MN1_3294749,ProgenyLine53,NotApplicable,22,22,11,0.96154|0.00026|0.00085|0.03735
1|28|59,1,MN1_3294749,ProgenyLine59,NotApplicable,22,22,11,0.98798|0.00014|0.00012|0.01176
1|28|71,1,MN1_3294749,ProgenyLine71,NotApplicable,22,22,11,0.98493|0.|0.00014|0.01493
1|28|72,1,MN1_3294749,ProgenyLine72,NotApplicable,22,22,11,0.94019|0.00028|0.00147|0.05806
1|28|74,1,MN1_3294749,ProgenyLine74,NotApplicable,22,22,21,0.00502|0.00028|0.94413|0.05057
1|28|79,1,MN1_3294749,ProgenyLine79,NotApplicable,22,22,11,0.92282|0.|0.00044|0.07675
1|28|97,1,MN1_3294749,ProgenyLine97,NotApplicable,22,22,11,0.98276|0.|0.0002|0.01704
1|36|20,1,MN1_4041372,ProgenyLine20,NotApplicable,21,21,11,0.99481|0.00001|0.00003|0.00516
1|41|86,1,MN1_4569396,ProgenyLine86,NotApplicable,21,21,11,0.9934|0.0016|0.00001|0.00499
1|42|18,1,MN1_4671355,ProgenyLine18,NotApplicable,12,12,11,0.96279|0.0321|0.00002|0.00509
1|46|28,1,MN1_5206767,ProgenyLine28,NotApplicable,21,21,11,0.9862|0.00001|0.00878|0.00501
1|47|14,1,MN1_5206981,ProgenyLine14,NotApplicable,21,21,11,0.99484|0.00016|0.|0.005
1|48|93,1,MASC00816,ProgenyLine93,NotApplicable,12,12,11,0.99493|0.00001|0.00001|0.00505
1|51|89,1,SPS1_151,ProgenyLine89,NotApplicable,21,21,11,0.9823|0.01266|0.|0.00504
1|54|8,1,MN1_5860106,ProgenyLine8,NotApplicable,21,21,11,0.99145|0.|0.00354|0.00501
1|54|30,1,MN1_5860106,ProgenyLine30,NotApplicable,21,21,11,0.99166|0.00001|0.00333|0.005
1|57|56,1,MFT_113,ProgenyLine56,NotApplicable,12,12,11,0.99355|0.|0.00145|0.005
1|69|56,1,GI_123,ProgenyLine56,NotApplicable,12,12,11,0.99494|0.|0.00006|0.005
1|74|60,1,PFT1_6609,ProgenyLine60,NotApplicable,21,21,11,0.9596|0.|0.03528|0.00512
1|76|40,1,PFT1_1656,ProgenyLine40,NotApplicable,21,21,11,0.99436|0.00061|0.|0.00503
1|76|46,1,PFT1_1656,ProgenyLine46,NotApplicable,22,22,12,0.00505|0.91579|0.00002|0.07914
1|79|60,1,NMSNP1-9973291,ProgenyLine60,NotApplicable,21,21,22,0.00759|0.00019|0.00031|0.99191
1|82|13,1,NMSNP1-10720273,ProgenyLine13,NotApplicable,11,11,22,0.04186|0.00315|0.|0.95499
1|82|20,1,NMSNP1-10720273,ProgenyLine20,NotApplicable,12,12,22,0.00228|0.0258|0.00303|0.96889
1|82|30,1,NMSNP1-10720273,ProgenyLine30,NotApplicable,11,11,22,0.05455|0.0015|0.|0.94395
1|82|33,1,NMSNP1-10720273,ProgenyLine33,NotApplicable,11,11,22,0.02076|0.00053|0.|0.9787
1|82|34,1,NMSNP1-10720273,ProgenyLine34,NotApplicable,11,11,22,0.02967|0.00075|0.|0.96958
1|82|48,1,NMSNP1-10720273,ProgenyLine48,NotApplicable,11,11,22,0.03009|0.00077|0.|0.96914
1|82|71,1,NMSNP1-10720273,ProgenyLine71,NotApplicable,11,11,22,0.03346|0.00469|0.|0.96184
1|82|72,1,NMSNP1-10720273,ProgenyLine72,NotApplicable,11,11,22,0.06087|0.00176|0.|0.93737
1|82|93,1,NMSNP1-10720273,ProgenyLine93,NotApplicable,11,11,22,0.06114|0.00176|0.|0.93709
1|87|51,1,MN1_11159773,ProgenyLine51,NotApplicable,21,21,22,0.0052|0.|0.06067|0.93413
1|102|68,1,MN1_18633081,ProgenyLine68,NotApplicable,21,21,11,0.98922|0.00471|0.00111|0.00496
1|103|25,1,MASC00545,ProgenyLine25,NotApplicable,12,12,22,0.00098|0.07727|0.0046|0.91715
1|103|59,1,MASC00545,ProgenyLine59,NotApplicable,12,12,22,0.00539|0.00034|0.00016|0.99412
1|108|90,1,MASC01983,ProgenyLine90,NotApplicable,12,12,22,0.00508|0.01309|0.01232|0.96952
1|113|20,1,PERL0174281,ProgenyLine20,NotApplicable,21,21,11,0.95367|0.00441|0.01407|0.02784
1|113|29,1,PERL0174281,ProgenyLine29,NotApplicable,21,21,11,0.96481|0.01475|0.01533|0.00511
1|117|24,1,MN1_21079881,ProgenyLine24,NotApplicable,12,12,11,0.95865|0.0359|0.|0.00544
1|119|79,1,MN1_21669564,ProgenyLine79,NotApplicable,12,12,11,0.99391|0.0001|0.00048|0.00551
1|123|8,1,MN1_22354107,ProgenyLine8,NotApplicable,21,21,22,0.00583|0.00002|0.00034|0.99381
1|127|78,1,MN1_23474588,ProgenyLine78,NotApplicable,12,12,22,0.00506|0.00003|0.02308|0.97183
1|130|9,1,MN1_24322296,ProgenyLine9,NotApplicable,21,21,22,0.00501|0.|0.00408|0.99091
1|133|80,1,FT_3485,ProgenyLine80,NotApplicable,12,12,22,0.00499|0.00018|0.00001|0.99482
1|139|12,1,MN1_25487722,ProgenyLine12,NotApplicable,21,21,11,0.96016|0.02162|0.00863|0.00958
1|142|4,1,PERL0234167,ProgenyLine4,NotApplicable,12,12,22,0.00521|0.0498|0.|0.94499
1|146|78,1,MASC00516,ProgenyLine78,NotApplicable,12,12,11,0.9949|0.|0.|0.0051
1|148|99,1,MN1_26454394,ProgenyLine99,NotApplicable,12,12,11,0.9941|0.00071|0.00089|0.0043
1|151|17,1,MN1_26795231,ProgenyLine17,NotApplicable,12,12,22,0.00617|0.|0.00434|0.9895
1|158|44,1,MASC02069,ProgenyLine44,NotApplicable,21,21,22,0.00525|0.00023|0.00003|0.99448
1|160|11,1,MASC03765,ProgenyLine11,NotApplicable,12,12,22,0.00597|0.04224|0.00001|0.95178
1|160|72,1,MASC03765,ProgenyLine72,NotApplicable,21,21,11,0.94916|0.03705|0.00859|0.0052
1|161|80,1,MASC04717,ProgenyLine80,NotApplicable,21,21,22,0.00514|0.02178|0.02354|0.94954
1|163|8,1,MASC00675,ProgenyLine8,NotApplicable,11,11,12,0.0609|0.93389|0.00011|0.0051
1|165|58,1,MN1_29696345,ProgenyLine58,NotApplicable,12,12,11,0.98725|0.002|0.00477|0.00598
1|170|95,1,MN1_30214313,ProgenyLine95,NotApplicable,21,21,22,0.00512|0.00042|0.00007|0.99439
1|172|63,1,MASC02050,ProgenyLine63,NotApplicable,12,12,11,0.96314|0.03102|0.0001|0.00575
2|1|7,2,RGA_2019,ProgenyLine7,NotApplicable,12,12,11,0.99128|0.00002|0.00366|0.00504
2|1|45,2,RGA_2019,ProgenyLine45,NotApplicable,12,12,11,0.98358|0.00001|0.01086|0.00556
2|3|10,2,RGA_1023,ProgenyLine10,NotApplicable,12,12,11,0.98956|0.00515|0.00004|0.00525
2|10|93,2,MN2_948609,ProgenyLine93,NotApplicable,21,21,11,0.98739|0.00761|0.00496|0.00004
2|12|72,2,MN2_1149628,ProgenyLine72,NotApplicable,11,11,22,0.03402|0.00081|0.|0.96517
2|13|41,2,NMSNP2-1798607,ProgenyLine41,NotApplicable,21,21,22,0.00737|0.00179|0.07512|0.91572
2|21|1,2,MN2_7551582,ProgenyLine1,NotApplicable,11,11,22,0.09359|0.|0.00024|0.90617
2|23|67,2,FDP_354,ProgenyLine67,NotApplicable,12,12,22,0.005|0.|0.|0.995
2|26|20,2,PHYB_617,ProgenyLine20,NotApplicable,12,12,22,0.005|0.|0.|0.995
2|28|4,2,PHYB_3060,ProgenyLine4,NotApplicable,12,12,22,0.005|0.|0.|0.995
2|37|68,2,MASC02600,ProgenyLine68,NotApplicable,21,21,22,0.00519|0.01331|0.01331|0.9682
2|37|77,2,MASC02600,ProgenyLine77,NotApplicable,21,21,11,0.98098|0.01398|0.|0.00504
2|41|42,2,SVP_4824,ProgenyLine42,NotApplicable,11,11,12,0.02551|0.96947|0.00011|0.00491
2|50|21,2,MASC05927,ProgenyLine21,NotApplicable,11,11,22,0.00962|0.|0.|0.99038
2|50|22,2,MASC05927,ProgenyLine22,NotApplicable,11,11,22,0.01518|0.|0.00002|0.9848
2|50|23,2,MASC05927,ProgenyLine23,NotApplicable,11,11,22,0.08473|0.|0.00202|0.91325
2|50|55,2,MASC05927,ProgenyLine55,NotApplicable,12,12,22,0.00033|0.00467|0.06577|0.92923
2|50|59,2,MASC05927,ProgenyLine59,NotApplicable,11,11,22,0.0071|0.|0.00006|0.99284
2|50|76,2,MASC05927,ProgenyLine76,NotApplicable,11,11,22,0.045|0.|0.00018|0.95483
2|50|94,2,MASC05927,ProgenyLine94,NotApplicable,11,11,22,0.01242|0.|0.00004|0.98755
2|51|47,2,MASC05920,ProgenyLine47,NotApplicable,12,12,22,0.00512|0.|0.03826|0.95663
2|56|65,2,MN2_11595170,ProgenyLine65,NotApplicable,21,21,22,0.05004|0.00905|0.|0.94091
2|57|95,2,MASC05327,ProgenyLine95,NotApplicable,21,21,22,0.00506|0.00003|0.00001|0.9949
2|61|42,2,MN2_12187411,ProgenyLine42,NotApplicable,21,21,22,0.00527|0.04641|0.04732|0.90099
2|66|19,2,MN2_13090443,ProgenyLine19,NotApplicable,22,22,21,0.00501|0.00002|0.9824|0.01256
2|68|12,2,MN2_13265590,ProgenyLine12,NotApplicable,11,11,22,0.005|0.|0.|0.995
2|68|19,2,MN2_13265590,ProgenyLine19,NotApplicable,12,12,22,0.00003|0.00497|0.00497|0.99003
2|68|31,2,MN2_13265590,ProgenyLine31,NotApplicable,11,11,22,0.005|0.|0.|0.995
2|68|45,2,MN2_13265590,ProgenyLine45,NotApplicable,11,11,22,0.005|0.|0.|0.995
2|68|46,2,MN2_13265590,ProgenyLine46,NotApplicable,11,11,22,0.005|0.|0.|0.995
2|68|50,2,MN2_13265590,ProgenyLine50,NotApplicable,11,11,22,0.005|0.|0.|0.995
2|68|52,2,MN2_13265590,ProgenyLine52,NotApplicable,11,11,22,0.005|0.|0.|0.995
2|68|55,2,MN2_13265590,ProgenyLine55,NotApplicable,21,21,22,0.00003|0.00497|0.00497|0.99003
2|68|56,2,MN2_13265590,ProgenyLine56,NotApplicable,11,11,22,0.005|0.|0.|0.995
2|68|60,2,MN2_13265590,ProgenyLine60,NotApplicable,11,11,22,0.005|0.|0.|0.995
2|68|64,2,MN2_13265590,ProgenyLine64,NotApplicable,11,11,22,0.005|0.|0.|0.995
2|68|77,2,MN2_13265590,ProgenyLine77,NotApplicable,11,11,22,0.005|0.|0.|0.995
2|68|79,2,MN2_13265590,ProgenyLine79,NotApplicable,11,11,22,0.005|0.|0.|0.995
2|68|82,2,MN2_13265590,ProgenyLine82,NotApplicable,11,11,22,0.005|0.|0.|0.995
2|68|86,2,MN2_13265590,ProgenyLine86,NotApplicable,11,11,22,0.005|0.|0.|0.995
2|68|88,2,MN2_13265590,ProgenyLine88,NotApplicable,11,11,22,0.005|0.|0.|0.995
2|74|50,2,MASC02971,ProgenyLine50,NotApplicable,12,12,11,0.93572|0.05907|0.00004|0.00518
2|75|49,2,MN2_14003409,ProgenyLine49,NotApplicable,22,22,12,0.00611|0.98726|0.00003|0.0066
2|77|85,2,SAR1_280,ProgenyLine85,NotApplicable,21,21,22,0.00611|0.00775|0.00011|0.98603
2|82|6,2,FES1_1177,ProgenyLine6,NotApplicable,12,12,11,0.995|0.|0.|0.005
2|88|97,2,NMSNP2-14697188,ProgenyLine97,NotApplicable,12,12,22,0.00571|0.00009|0.00003|0.99417
2|89|14,2,MN2_14949589,ProgenyLine14,NotApplicable,12,12,11,0.92946|0.|0.06533|0.00521
2|89|63,2,MN2_14949589,ProgenyLine63,NotApplicable,22,22,11,0.9352|0.|0.00174|0.06305
2|90|26,2,MN2_15251700,ProgenyLine26,NotApplicable,21,21,11,0.97052|0.|0.0244|0.00508
2|95|3,2,MASC02232,ProgenyLine3,NotApplicable,12,12,22,0.00519|0.06206|0.|0.93275
2|102|26,2,MN2_16684166,ProgenyLine26,NotApplicable,12,12,22,0.00519|0.01604|0.|0.97877
2|106|75,2,NMSNP2-16908351,ProgenyLine75,NotApplicable,21,21,22,0.00514|0.04396|0.|0.95091
2|110|24,2,MN2_17656418,ProgenyLine24,NotApplicable,12,12,11,0.9941|0.00066|0.00003|0.00521
2|110|70,2,MN2_17656418,ProgenyLine70,NotApplicable,22,22,12,0.00512|0.96069|0.00002|0.03416
2|116|43,2,MN2_17860020,ProgenyLine43,NotApplicable,12,12,11,0.99426|0.00074|0.|0.005
2|117|75,2,MASC02020,ProgenyLine75,NotApplicable,21,21,22,0.00501|0.|0.|0.99499
2|117|86,2,MASC02020,ProgenyLine86,NotApplicable,21,21,22,0.00629|0.00141|0.00759|0.98471
2|119|27,2,MN2_18034146,ProgenyLine27,NotApplicable,21,21,11,0.99493|0.|0.|0.00507
2|120|17,2,MASC03046,ProgenyLine17,NotApplicable,12,12,22,0.00502|0.0085|0.|0.98649
2|121|47,2,MN2_18402190,ProgenyLine47,NotApplicable,21,21,22,0.00505|0.00001|0.01973|0.97521
2|125|93,2,MN2_18753024,ProgenyLine93,NotApplicable,21,21,22,0.00517|0.0078|0.01301|0.97402
2|126|31,2,SOC1_2890,ProgenyLine31,NotApplicable,12,12,11,0.99464|0.|0.00026|0.0051
2|126|72,2,SOC1_2890,ProgenyLine72,NotApplicable,21,21,11,0.99498|0.|0.00002|0.005
2|126|79,2,SOC1_2890,ProgenyLine79,NotApplicable,12,12,11,0.99498|0.|0.00002|0.005
2|127|38,2,SOC1_2742,ProgenyLine38,NotApplicable,21,21,22,0.005|0.|0.|0.995
2|129|17,2,SOC1_1594,ProgenyLine17,NotApplicable,12,12,22,0.00515|0.00081|0.|0.99404
2|130|49,2,SOC1_1494,ProgenyLine49,NotApplicable,12,12,11,0.995|0.|0.|0.005
2|130|97,2,SOC1_1494,ProgenyLine97,NotApplicable,21,21,11,0.99498|0.00002|0.|0.005
2|131|17,2,SOC1_651,ProgenyLine17,NotApplicable,12,12,11,0.99387|0.|0.00113|0.005
2|131|23,2,SOC1_651,ProgenyLine23,NotApplicable,12,12,11,0.99471|0.00005|0.00029|0.00495
2|132|3,2,SOC1_461,ProgenyLine3,NotApplicable,11,11,22,0.00563|0.00002|0.|0.99435
2|132|27,2,SOC1_461,ProgenyLine27,NotApplicable,11,11,22,0.00712|0.|0.|0.99288
2|132|32,2,SOC1_461,ProgenyLine32,NotApplicable,11,11,12,0.01389|0.98107|0.00003|0.00501
2|132|39,2,SOC1_461,ProgenyLine39,NotApplicable,11,11,22,0.00803|0.|0.|0.99197
2|132|53,2,SOC1_461,ProgenyLine53,NotApplicable,11,11,22,0.00616|0.|0.|0.99384
2|132|58,2,SOC1_461,ProgenyLine58,NotApplicable,11,11,12,0.03852|0.95632|0.00003|0.00514
2|132|69,2,SOC1_461,ProgenyLine69,NotApplicable,11,11,22,0.00799|0.00004|0.|0.99197
2|132|70,2,SOC1_461,ProgenyLine70,NotApplicable,11,11,22,0.0288|0.00008|0.|0.97112
2|132|78,2,SOC1_461,ProgenyLine78,NotApplicable,11,11,22,0.0051|0.|0.|0.9949
2|132|80,2,SOC1_461,ProgenyLine80,NotApplicable,11,11,22,0.0068|0.0001|0.00008|0.99302
2|132|91,2,SOC1_461,ProgenyLine91,NotApplicable,12,12,22,0.00004|0.00685|0.00496|0.98815
2|134|17,2,MN2_19104250,ProgenyLine17,NotApplicable,12,12,11,0.97595|0.00001|0.01894|0.0051
2|135|95,2,MN2_19253011,ProgenyLine95,NotApplicable,21,21,22,0.00512|0.00005|0.00001|0.99482
3|2|53,3,MN3_691072,ProgenyLine53,NotApplicable,12,12,11,0.96177|0.00011|0.03301|0.00511
3|3|50,3,RGL2_3396,ProgenyLine50,NotApplicable,12,12,11,0.95683|0.03799|0.00017|0.005
3|5|50,3,RGL2_617,ProgenyLine50,NotApplicable,21,21,11,0.95884|0.00017|0.03591|0.00507
3|7|74,3,FLK_2200,ProgenyLine74,NotApplicable,12,12,11,0.99189|0.0031|0.00001|0.005
3|7|81,3,FLK_2200,ProgenyLine81,NotApplicable,21,21,22,0.0073|0.|0.07847|0.91422
3|7|83,3,FLK_2200,ProgenyLine83,NotApplicable,21,21,22,0.005|0.0018|0.00152|0.99167
3|8|31,3,FLK_1526,ProgenyLine31,NotApplicable,12,12,22,0.00499|0.00001|0.00003|0.99497
3|9|65,3,FLK_958,ProgenyLine65,NotApplicable,21,21,11,0.95243|0.00003|0.0112|0.03635
3|10|97,3,GAr2_1349,ProgenyLine97,NotApplicable,12,12,11,0.95395|0.04092|0.00001|0.00512
3|13|82,3,MN3_2232003,ProgenyLine82,NotApplicable,12,12,22,0.00555|0.066|0.|0.92845
3|14|88,3,MN3_2232935,ProgenyLine88,NotApplicable,22,22,11,0.91205|0.00465|0.|0.0833
3|14|99,3,MN3_2232935,ProgenyLine99,NotApplicable,21,21,22,0.005|0.00184|0.|0.99316
3|15|88,3,MN3_2236560,ProgenyLine88,NotApplicable,21,21,11,0.99485|0.00002|0.00012|0.00501
3|18|1,3,MN3_2770433,ProgenyLine1,NotApplicable,22,22,11,0.92767|0.|0.00198|0.07035
3|20|24,3,MASC03344,ProgenyLine24,NotApplicable,12,12,22,0.0002|0.02024|0.02385|0.95571
3|20|65,3,MASC03344,ProgenyLine65,NotApplicable,21,21,22,0.00786|0.00604|0.00002|0.98608
3|23|2,3,SPY_1453,ProgenyLine2,NotApplicable,21,21,11,0.99328|0.|0.00172|0.005
3|23|37,3,SPY_1453,ProgenyLine37,NotApplicable,12,12,22,0.00501|0.00218|0.00339|0.98943
3|26|53,3,MN3_3679541,ProgenyLine53,NotApplicable,12,12,11,0.98274|0.01222|0.|0.00504
3|29|10,3,PIE1_1867,ProgenyLine10,NotApplicable,12,12,11,0.99498|0.00002|0.|0.005
3|32|30,3,PIE1_8627,ProgenyLine30,NotApplicable,21,21,11,0.99456|0.|0.00044|0.005
3|32|41,3,PIE1_8627,ProgenyLine41,NotApplicable,21,21,22,0.00517|0.00166|0.|0.99317
3|32|55,3,PIE1_8627,ProgenyLine55,NotApplicable,12,12,22,0.00502|0.|0.0018|0.99318
3|32|75,3,PIE1_8627,ProgenyLine75,NotApplicable,22,22,12,0.00499|0.98468|0.00002|0.01031
3|32|87,3,PIE1_8627,ProgenyLine87,NotApplicable,12,12,11,0.99472|0.|0.00028|0.005
3|36|59,3,NMSNP3-4991903,ProgenyLine59,NotApplicable,21,21,22,0.00935|0.0004|0.05453|0.93572
3|36|74,3,NMSNP3-4991903,ProgenyLine74,NotApplicable,21,21,22,0.0062|0.00029|0.00004|0.99347
3|44|3,3,MN3_6890804,ProgenyLine3,NotApplicable,12,12,22,0.00474|0.00291|0.00056|0.99179
3|49|1,3,MN3_7917701,ProgenyLine1,NotApplicable,22,22,11,0.97919|0.|0.00018|0.02063
3|49|5,3,MN3_7917701,ProgenyLine5,NotApplicable,22,22,21,0.00499|0.00006|0.98665|0.00829
3|49|6,3,MN3_7917701,ProgenyLine6,NotApplicable,22,22,21,0.005|0.00005|0.98047|0.01448
3|49|38,3,MN3_7917701,ProgenyLine38,NotApplicable,12,12,22,0.00611|0.00042|0.00709|0.98639
3|49|72,3,MN3_7917701,ProgenyLine72,NotApplicable,22,22,21,0.00523|0.00029|0.91006|0.08441
3|49|79,3,MN3_7917701,ProgenyLine79,NotApplicable,22,22,11,0.95321|0.|0.00127|0.04552
3|49|100,3,MN3_7917701,ProgenyLine100,NotApplicable,22,22,11,0.98521|0.|0.0001|0.01469
3|55|90,3,NMSNP3-8447967,ProgenyLine90,NotApplicable,12,12,11,0.97503|0.01951|0.00001|0.00544
3|55|98,3,NMSNP3-8447967,ProgenyLine98,NotApplicable,21,21,11,0.93236|0.06065|0.|0.00699
3|57|48,3,MN3_8693286,ProgenyLine48,NotApplicable,12,12,11,0.99495|0.00005|0.00005|0.00495
3|57|91,3,MN3_8693286,ProgenyLine91,NotApplicable,12,12,11,0.98564|0.00936|0.00495|0.00005
3|58|62,3,MN3_8693523,ProgenyLine62,NotApplicable,21,21,22,0.00502|0.|0.00683|0.98815
3|58|92,3,MN3_8693523,ProgenyLine92,NotApplicable,21,21,22,0.00507|0.00002|0.00008|0.99483
3|61|13,3,MASC04510,ProgenyLine13,NotApplicable,21,21,22,0.00495|0.00006|0.00006|0.99493
3|62|8,3,MASC04498,ProgenyLine8,NotApplicable,21,21,11,0.98195|0.01295|0.00008|0.00502
3|64|27,3,MN3_9342356,ProgenyLine27,NotApplicable,21,21,11,0.9098|0.00001|0.08396|0.00623
3|66|51,3,MASC01287,ProgenyLine51,NotApplicable,21,21,11,0.98331|0.01165|0.|0.00503
3|73|50,3,MASC02770,ProgenyLine50,NotApplicable,12,12,22,0.00546|0.01218|0.02711|0.95525
3|77|78,3,MN3_11398208,ProgenyLine78,NotApplicable,12,12,11,0.98857|0.0001|0.00431|0.00702
3|81|20,3,NMSNP3-15028196,ProgenyLine20,NotApplicable,21,21,11,0.94769|0.04711|0.00002|0.00519
3|81|65,3,NMSNP3-15028196,ProgenyLine65,NotApplicable,21,21,11,0.94922|0.04562|0.00002|0.00514
3|92|90,3,MN3_17166362,ProgenyLine90,NotApplicable,21,21,22,0.00519|0.00007|0.06395|0.9308
3|96|17,3,RAX3_419,ProgenyLine17,NotApplicable,12,12,22,0.00006|0.01218|0.00494|0.98282
3|97|7,3,MASC03176,ProgenyLine7,NotApplicable,11,11,22,0.00555|0.00002|0.|0.99443
3|97|11,3,MASC03176,ProgenyLine11,NotApplicable,11,11,22,0.07592|0.00218|0.|0.9219
3|97|15,3,MASC03176,ProgenyLine15,NotApplicable,11,11,22,0.07726|0.00188|0.|0.92086
3|97|44,3,MASC03176,ProgenyLine44,NotApplicable,11,11,22,0.00538|0.00002|0.|0.9946
3|97|68,3,MASC03176,ProgenyLine68,NotApplicable,11,11,22,0.03774|0.|0.|0.96226
3|97|78,3,MASC03176,ProgenyLine78,NotApplicable,11,11,22,0.01848|0.00008|0.|0.98144
3|97|84,3,MASC03176,ProgenyLine84,NotApplicable,11,11,22,0.00562|0.00002|0.|0.99436
3|97|92,3,MASC03176,ProgenyLine92,NotApplicable,11,11,22,0.00924|0.|0.|0.99076
3|98|38,3,MASC09224,ProgenyLine38,NotApplicable,21,21,11,0.93695|0.05795|0.00481|0.00029
3|98|39,3,MASC09224,ProgenyLine39,NotApplicable,22,22,11,0.90132|0.|0.00255|0.09613
3|98|77,3,MASC09224,ProgenyLine77,NotApplicable,12,12,11,0.91477|0.0046|0.08023|0.0004
3|98|100,3,MASC09224,ProgenyLine100,NotApplicable,22,22,11,0.97283|0.|0.00073|0.02643
3|99|90,3,MN3_18590814,ProgenyLine90,NotApplicable,21,21,22,0.00595|0.01854|0.00015|0.97536
3|100|77,3,MASC02769,ProgenyLine77,NotApplicable,11,11,21,0.01221|0.02839|0.95445|0.00495
3|106|59,3,MASC01006,ProgenyLine59,NotApplicable,21,21,11,0.95247|0.02236|0.01988|0.0053
3|107|16,3,MASC03218,ProgenyLine16,NotApplicable,21,21,22,0.00501|0.00081|0.00075|0.99343
3|111|3,3,MN3_20028297,ProgenyLine3,NotApplicable,22,22,11,0.995|0.|0.|0.005
3|111|4,3,MN3_20028297,ProgenyLine4,NotApplicable,22,22,11,0.995|0.|0.|0.005
3|111|6,3,MN3_20028297,ProgenyLine6,NotApplicable,21,21,11,0.99003|0.00497|0.00497|0.00003
3|111|9,3,MN3_20028297,ProgenyLine9,NotApplicable,22,22,11,0.995|0.|0.|0.005
3|111|16,3,MN3_20028297,ProgenyLine16,NotApplicable,22,22,11,0.995|0.|0.|0.005
3|111|17,3,MN3_20028297,ProgenyLine17,NotApplicable,12,12,11,0.99003|0.00497|0.00497|0.00003
3|111|18,3,MN3_20028297,ProgenyLine18,NotApplicable,22,22,11,0.995|0.|0.|0.005
3|111|21,3,MN3_20028297,ProgenyLine21,NotApplicable,22,22,11,0.995|0.|0.|0.005
3|111|27,3,MN3_20028297,ProgenyLine27,NotApplicable,22,22,11,0.995|0.|0.|0.005
3|111|37,3,MN3_20028297,ProgenyLine37,NotApplicable,22,22,11,0.995|0.|0.|0.005
3|111|40,3,MN3_20028297,ProgenyLine40,NotApplicable,22,22,11,0.995|0.|0.|0.005
3|111|43,3,MN3_20028297,ProgenyLine43,NotApplicable,12,12,11,0.99002|0.00498|0.00498|0.00003
3|111|48,3,MN3_20028297,ProgenyLine48,NotApplicable,22,22,11,0.995|0.|0.|0.005
3|111|49,3,MN3_20028297,ProgenyLine49,NotApplicable,22,22,11,0.995|0.|0.|0.005
3|111|59,3,MN3_20028297,ProgenyLine59,NotApplicable,22,22,11,0.995|0.|0.|0.005
3|111|63,3,MN3_20028297,ProgenyLine63,NotApplicable,22,22,11,0.995|0.|0.|0.005
3|111|65,3,MN3_20028297,ProgenyLine65,NotApplicable,22,22,11,0.995|0.|0.|0.005
3|111|70,3,MN3_20028297,ProgenyLine70,NotApplicable,22,22,11,0.995|0.|0.|0.005
3|111|73,3,MN3_20028297,ProgenyLine73,NotApplicable,22,22,11,0.995|0.|0.|0.005
3|111|85,3,MN3_20028297,ProgenyLine85,NotApplicable,22,22,11,0.995|0.|0.|0.005
3|111|90,3,MN3_20028297,ProgenyLine90,NotApplicable,22,22,11,0.995|0.|0.|0.005
3|111|91,3,MN3_20028297,ProgenyLine91,NotApplicable,22,22,11,0.995|0.|0.|0.005
3|113|40,3,MASC04749,ProgenyLine40,NotApplicable,11,11,22,0.09704|0.00036|0.00036|0.90225
3|113|91,3,MASC04749,ProgenyLine91,NotApplicable,21,21,22,0.00531|0.0419|0.01618|0.93662
3|116|16,3,MASC00020,ProgenyLine16,NotApplicable,21,21,11,0.95666|0.03724|0.00059|0.0055
3|119|5,3,MN3_21127619,ProgenyLine5,NotApplicable,21,21,22,0.00144|0.08825|0.00358|0.90673
3|121|84,3,MN3_21632898,ProgenyLine84,NotApplicable,21,21,22,0.00522|0.|0.|0.99478
3|123|41,3,MASC02321,ProgenyLine41,NotApplicable,21,21,22,0.00531|0.09415|0.|0.90053
3|127|13,3,MN3_22316041,ProgenyLine13,NotApplicable,12,12,22,0.00502|0.|0.00575|0.98923
3|127|37,3,MN3_22316041,ProgenyLine37,NotApplicable,21,21,22,0.00533|0.00002|0.00009|0.99456
3|128|47,3,MN3_22370904,ProgenyLine47,NotApplicable,12,12,11,0.99496|0.|0.|0.00504
3|131|50,3,MASC03109,ProgenyLine50,NotApplicable,12,12,22,0.00612|0.|0.00453|0.98935
3|132|71,3,MN3_22787640,ProgenyLine71,NotApplicable,12,12,22,0.00511|0.01689|0.|0.978
3|134|81,3,MN3_23099266,ProgenyLine81,NotApplicable,12,12,22,0.00507|0.01968|0.|0.97525
3|136|30,3,GAr3_949,ProgenyLine30,NotApplicable,11,11,21,0.00752|0.00917|0.97798|0.00533
3|136|36,3,GAr3_949,ProgenyLine36,NotApplicable,21,21,22,0.00477|0.00025|0.00033|0.99465
4|1|7,4,MN4_48812OK,ProgenyLine7,NotApplicable,21,21,22,0.01546|0.00646|0.00627|0.97182
4|1|80,4,MN4_48812OK,ProgenyLine80,NotApplicable,21,21,22,0.0153|0.00619|0.00619|0.97233
4|5|53,4,NMSNP4-270272,ProgenyLine53,NotApplicable,21,21,11,0.94438|0.05022|0.|0.0054
4|7|67,4,FRI_2343,ProgenyLine67,NotApplicable,21,21,22,0.005|0.00004|0.|0.99496
4|8|22,4,MASC04123,ProgenyLine22,NotApplicable,12,12,22,0.0051|0.01739|0.00003|0.97748
4|12|22,4,MASC02819,ProgenyLine22,NotApplicable,21,21,22,0.005|0.00133|0.|0.99367
4|13|91,4,MASC05116,ProgenyLine91,NotApplicable,21,21,22,0.00523|0.02187|0.00003|0.97288
4|16|96,4,LD_5094,ProgenyLine96,NotApplicable,21,21,22,0.00513|0.03334|0.|0.96153
4|17|38,4,GA1_8429,ProgenyLine38,NotApplicable,12,12,22,0.00003|0.00515|0.00497|0.98985
4|19|18,4,GA1_5420,ProgenyLine18,NotApplicable,12,12,22,0.00563|0.00002|0.|0.99435
4|20|13,4,GA1_4586,ProgenyLine13,NotApplicable,12,12,11,0.99478|0.00022|0.|0.005
4|20|62,4,GA1_4586,ProgenyLine62,NotApplicable,21,21,22,0.005|0.0001|0.|0.9949
4|21|63,4,GA1_2963,ProgenyLine63,NotApplicable,21,21,22,0.00521|0.03192|0.0358|0.92707
4|26|27,4,MN4_2441131,ProgenyLine27,NotApplicable,12,12,11,0.99404|0.00096|0.00096|0.00404
4|26|29,4,MN4_2441131,ProgenyLine29,NotApplicable,12,12,11,0.99494|0.00006|0.00006|0.00494
4|26|31,4,MN4_2441131,ProgenyLine31,NotApplicable,12,12,11,0.99003|0.00497|0.00497|0.00003
4|26|35,4,MN4_2441131,ProgenyLine35,NotApplicable,22,22,11,0.995|0.|0.|0.005
4|26|38,4,MN4_2441131,ProgenyLine38,NotApplicable,21,21,11,0.99006|0.00494|0.00494|0.00006
4|26|44,4,MN4_2441131,ProgenyLine44,NotApplicable,22,22,11,0.995|0.|0.|0.005
4|26|50,4,MN4_2441131,ProgenyLine50,NotApplicable,22,22,11,0.995|0.|0.|0.005
4|26|52,4,MN4_2441131,ProgenyLine52,NotApplicable,22,22,11,0.995|0.|0.|0.005
4|26|53,4,MN4_2441131,ProgenyLine53,NotApplicable,22,22,11,0.995|0.|0.|0.005
4|26|54,4,MN4_2441131,ProgenyLine54,NotApplicable,22,22,11,0.995|0.|0.|0.005
4|26|79,4,MN4_2441131,ProgenyLine79,NotApplicable,22,22,11,0.995|0.|0.|0.005
4|29|27,4,MASC09225,ProgenyLine27,NotApplicable,21,21,22,0.01148|0.00001|0.0542|0.93432
4|39|96,4,MASC00122,ProgenyLine96,NotApplicable,21,21,22,0.00896|0.00155|0.04463|0.94487
4|45|75,4,MN4_8177683,ProgenyLine75,NotApplicable,12,12,11,0.97575|0.01919|0.|0.00506
4|51|3,4,ESD4_1925,ProgenyLine3,NotApplicable,12,12,22,0.005|0.00004|0.|0.99496
4|52|96,4,ESD4_4722,ProgenyLine96,NotApplicable,21,21,11,0.99486|0.00014|0.|0.005
4|53|67,4,MASC03269,ProgenyLine67,NotApplicable,12,12,22,0.00509|0.00509|0.|0.98982
4|54|39,4,PHYD_4813,ProgenyLine39,NotApplicable,21,21,22,0.00018|0.00482|0.03679|0.95821
4|57|91,4,PHYD_2806,ProgenyLine91,NotApplicable,21,21,11,0.995|0.|0.|0.005
4|58|25,4,PHYD_2290,ProgenyLine25,NotApplicable,21,21,22,0.005|0.00053|0.|0.99447
4|58|59,4,PHYD_2290,ProgenyLine59,NotApplicable,21,21,22,0.005|0.|0.|0.995
4|61|38,4,MN4_9276346,ProgenyLine38,NotApplicable,21,21,11,0.99494|0.|0.|0.00506
4|62|85,4,MASC00901,ProgenyLine85,NotApplicable,12,12,11,0.99462|0.|0.00038|0.005
4|70|60,4,PHYE_1561,ProgenyLine60,NotApplicable,21,21,11,0.95191|0.04275|0.00133|0.00401
4|72|51,4,MASC01526,ProgenyLine51,NotApplicable,21,21,22,0.00713|0.00001|0.03291|0.95995
4|74|23,4,NMSNP4-10777270,ProgenyLine23,NotApplicable,21,21,22,0.00512|0.04876|0.00013|0.94598
4|75|45,4,NMSNP4-10977574,ProgenyLine45,NotApplicable,21,21,22,0.0051|0.03483|0.|0.96006
4|79|16,4,MN4_11579839,ProgenyLine16,NotApplicable,22,22,21,0.00498|0.00003|0.98714|0.00785
4|79|80,4,MN4_11579839,ProgenyLine80,NotApplicable,21,21,22,0.005|0.00224|0.00224|0.99052
4|83|69,4,MN4_12195812,ProgenyLine69,NotApplicable,21,21,22,0.00542|0.|0.0892|0.90537
4|85|12,4,MN4_12326350,ProgenyLine12,NotApplicable,21,21,11,0.98614|0.|0.00867|0.00519
4|98|55,4,NMSNP4-13680544,ProgenyLine55,NotApplicable,21,21,22,0.0051|0.|0.|0.9949
4|101|72,4,MN4_14177230,ProgenyLine72,NotApplicable,21,21,22,0.00524|0.00008|0.00006|0.99463
4|103|97,4,MN4_14379736,ProgenyLine97,NotApplicable,12,12,11,0.98957|0.|0.00539|0.00504
4|105|21,4,MASC03154,ProgenyLine21,NotApplicable,21,21,11,0.99445|0.00044|0.00012|0.005
4|106|65,4,MASC02354,ProgenyLine65,NotApplicable,12,12,11,0.99454|0.|0.00046|0.005
4|108|38,4,VIN3L_4961,ProgenyLine38,NotApplicable,21,21,22,0.00509|0.02677|0.|0.96814
4|112|79,4,MN4_14936037,ProgenyLine79,NotApplicable,21,21,11,0.94985|0.00405|0.04488|0.00121
4|113|1,4,MN4_15087653,ProgenyLine1,NotApplicable,22,22,11,0.995|0.|0.|0.005
4|113|5,4,MN4_15087653,ProgenyLine5,NotApplicable,22,22,11,0.995|0.|0.|0.005
4|113|17,4,MN4_15087653,ProgenyLine17,NotApplicable,22,22,11,0.99498|0.00002|0.00002|0.00498
4|113|20,4,MN4_15087653,ProgenyLine20,NotApplicable,22,22,11,0.995|0.|0.|0.005
4|113|37,4,MN4_15087653,ProgenyLine37,NotApplicable,22,22,11,0.995|0.|0.|0.005
4|113|39,4,MN4_15087653,ProgenyLine39,NotApplicable,12,12,11,0.99003|0.00497|0.00497|0.00003
4|113|42,4,MN4_15087653,ProgenyLine42,NotApplicable,22,22,11,0.995|0.|0.|0.005
4|113|60,4,MN4_15087653,ProgenyLine60,NotApplicable,12,12,11,0.99003|0.00497|0.00497|0.00003
4|113|75,4,MN4_15087653,ProgenyLine75,NotApplicable,22,22,11,0.995|0.|0.|0.005
4|113|76,4,MN4_15087653,ProgenyLine76,NotApplicable,22,22,11,0.995|0.|0.|0.005
4|113|83,4,MN4_15087653,ProgenyLine83,NotApplicable,22,22,11,0.995|0.|0.|0.005
4|113|88,4,MN4_15087653,ProgenyLine88,NotApplicable,22,22,11,0.995|0.|0.|0.005
4|113|89,4,MN4_15087653,ProgenyLine89,NotApplicable,22,22,11,0.995|0.|0.|0.005
4|117|59,4,MN4_15662175,ProgenyLine59,NotApplicable,21,21,11,0.92157|0.00001|0.07103|0.00739
4|124|37,4,MN4_16474676,ProgenyLine37,NotApplicable,22,22,11,0.90141|0.00117|0.|0.09742
4|124|39,4,MN4_16474676,ProgenyLine39,NotApplicable,12,12,11,0.92789|0.06701|0.00466|0.00044
4|125|8,4,MN4_16547251,ProgenyLine8,NotApplicable,21,21,22,0.00533|0.|0.01164|0.98303
4|125|23,4,MN4_16547251,ProgenyLine23,NotApplicable,21,21,11,0.99497|0.|0.|0.00503
4|129|36,4,MN4_16888200,ProgenyLine36,NotApplicable,21,21,11,0.98972|0.00527|0.|0.00501
4|133|59,4,NMSNP4-17038400,ProgenyLine59,NotApplicable,12,12,22,0.00575|0.01024|0.|0.98401
4|136|55,4,ANT_295,ProgenyLine55,NotApplicable,21,21,11,0.9271|0.|0.06762|0.00528
4|136|88,4,ANT_295,ProgenyLine88,NotApplicable,21,21,22,0.00506|0.00001|0.02427|0.97067
4|137|44,4,MASC09216,ProgenyLine44,NotApplicable,21,21,11,0.94863|0.02915|0.01669|0.00553
5|9|29,5,MASC04531,ProgenyLine29,NotApplicable,12,12,22,0.00534|0.05754|0.01594|0.92117
5|11|87,5,MN5_2244867,ProgenyLine87,NotApplicable,21,21,22,0.00508|0.02348|0.|0.97144
5|13|62,5,MASC03207,ProgenyLine62,NotApplicable,12,12,11,0.99293|0.00206|0.|0.00501
5|16|36,5,MN5_2799421,ProgenyLine36,NotApplicable,21,21,22,0.00531|0.|0.00509|0.9896
5|16|65,5,MN5_2799421,ProgenyLine65,NotApplicable,12,12,11,0.9935|0.00119|0.|0.00531
5|17|58,5,MN5_2808917,ProgenyLine58,NotApplicable,21,21,11,0.99409|0.00067|0.|0.00524
5|18|63,5,MN5_2925212,ProgenyLine63,NotApplicable,21,21,11,0.97554|0.00982|0.00921|0.00544
5|21|3,5,FLC_7207,ProgenyLine3,NotApplicable,12,12,22,0.00501|0.00224|0.|0.99275
5|22|81,5,FLC_6809,ProgenyLine81,NotApplicable,21,21,11,0.99468|0.00032|0.|0.005
5|23|2,5,FLC_3312,ProgenyLine2,NotApplicable,21,21,11,0.995|0.|0.|0.005
5|23|10,5,FLC_3312,ProgenyLine10,NotApplicable,22,22,11,0.92579|0.|0.|0.07421
5|23|25,5,FLC_3312,ProgenyLine25,NotApplicable,21,21,11,0.98999|0.00497|0.00501|0.00003
5|23|27,5,FLC_3312,ProgenyLine27,NotApplicable,22,22,11,0.98412|0.|0.0003|0.01558
5|23|29,5,FLC_3312,ProgenyLine29,NotApplicable,22,22,11,0.995|0.|0.|0.005
5|23|31,5,FLC_3312,ProgenyLine31,NotApplicable,22,22,11,0.9948|0.|0.|0.0052
5|23|34,5,FLC_3312,ProgenyLine34,NotApplicable,21,21,11,0.99002|0.00498|0.00498|0.00002
5|23|37,5,FLC_3312,ProgenyLine37,NotApplicable,22,22,11,0.99498|0.|0.|0.00502
5|23|47,5,FLC_3312,ProgenyLine47,NotApplicable,22,22,11,0.9513|0.|0.00125|0.04745
5|23|52,5,FLC_3312,ProgenyLine52,NotApplicable,22,22,11,0.90123|0.|0.0003|0.09848
5|23|57,5,FLC_3312,ProgenyLine57,NotApplicable,21,21,11,0.98999|0.00495|0.00501|0.00005
5|23|59,5,FLC_3312,ProgenyLine59,NotApplicable,22,22,11,0.99268|0.|0.|0.00732
5|23|82,5,FLC_3312,ProgenyLine82,NotApplicable,22,22,11,0.995|0.|0.|0.005
5|23|84,5,FLC_3312,ProgenyLine84,NotApplicable,22,22,11,0.995|0.|0.|0.005
5|23|85,5,FLC_3312,ProgenyLine85,NotApplicable,22,22,21,0.00498|0.00002|0.99001|0.00499
5|25|29,5,FLC_2775,ProgenyLine29,NotApplicable,12,12,22,0.00511|0.|0.00105|0.99384
5|26|1,5,MN5_3177504,ProgenyLine1,NotApplicable,12,12,22,0.005|0.00093|0.|0.99407
5|26|28,5,MN5_3177504,ProgenyLine28,NotApplicable,12,12,22,0.005|0.|0.|0.995
5|28|17,5,MN5_3227635,ProgenyLine17,NotApplicable,12,12,22,0.00555|0.0044|0.|0.99005
5|29|11,5,MN5_3281887,ProgenyLine11,NotApplicable,21,21,11,0.97744|0.|0.0175|0.00506
5|29|77,5,MN5_3281887,ProgenyLine77,NotApplicable,21,21,11,0.99433|0.|0.00067|0.005
5|31|83,5,MN5_3330509,ProgenyLine83,NotApplicable,11,11,21,0.07757|0.00021|0.91725|0.00497
5|34|4,5,MN5_3695672,ProgenyLine4,NotApplicable,12,12,22,0.0054|0.0188|0.|0.9758
5|37|41,5,MN5_4318365,ProgenyLine41,NotApplicable,21,21,11,0.97397|0.|0.02097|0.00506
5|40|33,5,MN5_4897416,ProgenyLine33,NotApplicable,21,21,11,0.94896|0.00002|0.04586|0.00516
5|42|94,5,MASC01136,ProgenyLine94,NotApplicable,21,21,22,0.00514|0.|0.04534|0.94952
5|43|26,5,MASC01137,ProgenyLine26,NotApplicable,12,12,22,0.00501|0.00337|0.|0.99162
5|43|29,5,MASC01137,ProgenyLine29,NotApplicable,12,12,22,0.00504|0.01293|0.|0.98203
5|44|30,5,CO_612,ProgenyLine30,NotApplicable,21,21,11,0.99498|0.00001|0.00001|0.005
5|45|71,5,CO_347,ProgenyLine71,NotApplicable,12,12,11,0.99361|0.|0.00139|0.005
5|50|97,5,TFL2_3265,ProgenyLine97,NotApplicable,12,12,22,0.00499|0.00001|0.00001|0.99499
5|51|82,5,TFL2_1199,ProgenyLine82,NotApplicable,12,12,22,0.00549|0.04459|0.|0.94991
5|53|5,5,MASC01538,ProgenyLine5,NotApplicable,22,22,11,0.93673|0.|0.00077|0.0625
5|53|25,5,MASC01538,ProgenyLine25,NotApplicable,22,22,12,0.00586|0.95429|0.01262|0.02724
5|53|30,5,MASC01538,ProgenyLine30,NotApplicable,22,22,11,0.96271|0.00024|0.00028|0.03678
5|53|44,5,MASC01538,ProgenyLine44,NotApplicable,22,22,11,0.94763|0.00053|0.00079|0.05104
5|53|56,5,MASC01538,ProgenyLine56,NotApplicable,22,22,11,0.97019|0.|0.00022|0.02959
5|53|83,5,MASC01538,ProgenyLine83,NotApplicable,22,22,21,0.00504|0.00026|0.97695|0.01775
5|53|98,5,MASC01538,ProgenyLine98,NotApplicable,12,12,11,0.92687|0.0371|0.03568|0.00035
5|53|100,5,MASC01538,ProgenyLine100,NotApplicable,22,22,11,0.98196|0.00024|0.00024|0.01756
5|61|46,5,MN5_6523351,ProgenyLine46,NotApplicable,12,12,11,0.97673|0.01822|0.|0.00505
5|62|17,5,MN5_6708112,ProgenyLine17,NotApplicable,21,21,11,0.99342|0.00027|0.00001|0.00629
5|84|16,5,NMSNP5-14661352,ProgenyLine16,NotApplicable,21,21,11,0.91153|0.04117|0.04053|0.00677
5|84|49,5,NMSNP5-14661352,ProgenyLine49,NotApplicable,21,21,22,0.00609|0.00181|0.00007|0.99203
5|94|10,5,MN5_17242619,ProgenyLine10,NotApplicable,11,11,22,0.02108|0.00053|0.|0.97839
5|98|21,5,NMSNP5-17629384,ProgenyLine21,NotApplicable,12,12,11,0.98316|0.|0.01145|0.00539
5|98|88,5,NMSNP5-17629384,ProgenyLine88,NotApplicable,21,21,11,0.97145|0.01224|0.00903|0.00727
5|102|27,5,MN5_18258441,ProgenyLine27,NotApplicable,12,12,22,0.00607|0.00135|0.08445|0.90813
5|103|24,5,NMSNP5-18258766,ProgenyLine24,NotApplicable,21,21,22,0.005|0.00437|0.00001|0.99062
5|105|96,5,MASC01056,ProgenyLine96,NotApplicable,12,12,22,0.00515|0.04335|0.|0.95151
5|107|39,5,MN5_19124078,ProgenyLine39,NotApplicable,21,21,11,0.99203|0.00288|0.00009|0.005
5|108|19,5,MN5_19124146,ProgenyLine19,NotApplicable,11,11,12,0.01678|0.96845|0.00005|0.01471
5|108|25,5,MN5_19124146,ProgenyLine25,NotApplicable,11,11,22,0.00597|0.|0.|0.99403
5|108|31,5,MN5_19124146,ProgenyLine31,NotApplicable,11,11,22,0.00571|0.|0.|0.99429
5|108|81,5,MN5_19124146,ProgenyLine81,NotApplicable,11,11,22,0.00982|0.|0.|0.99018
5|111|14,5,MN5_19415082,ProgenyLine14,NotApplicable,21,21,11,0.98872|0.|0.00626|0.00502
5|111|42,5,MN5_19415082,ProgenyLine42,NotApplicable,12,12,22,0.00531|0.|0.00836|0.98634
5|114|94,5,MASC07356,ProgenyLine94,NotApplicable,12,12,11,0.96223|0.00497|0.03263|0.00017
5|115|39,5,MASC01039,ProgenyLine39,NotApplicable,12,12,22,0.00426|0.00078|0.00266|0.9923
5|115|83,5,MASC01039,ProgenyLine83,NotApplicable,21,21,22,0.005|0.00001|0.00001|0.99498
5|115|89,5,MASC01039,ProgenyLine89,NotApplicable,12,12,11,0.98941|0.00422|0.00137|0.00501
5|118|75,5,MN5_20128524,ProgenyLine75,NotApplicable,12,12,11,0.91142|0.00001|0.0808|0.00777
5|119|36,5,MN5_20318139,ProgenyLine36,NotApplicable,12,12,11,0.99451|0.00001|0.00005|0.00544
5|119|61,5,MN5_20318139,ProgenyLine61,NotApplicable,21,21,11,0.94499|0.00013|0.04973|0.00516
5|123|41,5,MN5_21039080,ProgenyLine41,NotApplicable,12,12,11,0.99258|0.|0.00236|0.00506
5|128|45,5,MN5_22040876,ProgenyLine45,NotApplicable,21,21,11,0.96936|0.00487|0.02564|0.00013
5|130|42,5,MN5_22318136,ProgenyLine42,NotApplicable,12,12,22,0.00502|0.|0.00648|0.9885
5|132|80,5,MN5_22415000,ProgenyLine80,NotApplicable,12,12,22,0.00521|0.05729|0.00013|0.93736
5|135|40,5,VIN3_2713,ProgenyLine40,NotApplicable,21,21,11,0.99498|0.|0.|0.00502
5|136|96,5,VIN3_1614,ProgenyLine96,NotApplicable,21,21,11,0.96672|0.00001|0.02819|0.00508
5|142|57,5,MN5_23722914,ProgenyLine57,NotApplicable,12,12,22,0.00504|0.0143|0.|0.98066
5|143|48,5,NMSNP5-23815532,ProgenyLine48,NotApplicable,22,22,21,0.0052|0.00018|0.94168|0.05295
5|146|6,5,MN5_23920457,ProgenyLine6,NotApplicable,21,21,11,0.98237|0.|0.01259|0.00504
5|148|35,5,MASC04576,ProgenyLine35,NotApplicable,12,12,11,0.9949|0.00002|0.00003|0.00505
5|151|62,5,MN5_24832902,ProgenyLine62,NotApplicable,12,12,22,0.00499|0.00001|0.00008|0.99492
5|152|7,5,MN5_24833253,ProgenyLine7,NotApplicable,21,21,11,0.99494|0.|0.00006|0.005
5|152|12,5,MN5_24833253,ProgenyLine12,NotApplicable,21,21,11,0.99498|0.00002|0.|0.005
5|152|29,5,MN5_24833253,ProgenyLine29,NotApplicable,12,12,11,0.99498|0.|0.00002|0.005
5|153|79,5,MASC01180,ProgenyLine79,NotApplicable,12,12,11,0.98616|0.|0.00881|0.00503
5|158|65,5,BFT_1187,ProgenyLine65,NotApplicable,21,21,11,0.99496|0.|0.00004|0.005
5|159|1,5,NMSNP5-24996685,ProgenyLine1,NotApplicable,21,21,22,0.00502|0.00376|0.|0.99122
5|159|73,5,NMSNP5-24996685,ProgenyLine73,NotApplicable,12,12,11,0.99441|0.00002|0.|0.00556
5|162|66,5,CDF1_2235,ProgenyLine66,NotApplicable,21,21,22,0.00503|0.|0.|0.99497
5|163|11,5,CDF1_1519,ProgenyLine11,NotApplicable,11,11,22,0.00503|0.|0.00018|0.99479
5|163|12,5,CDF1_1519,ProgenyLine12,NotApplicable,11,11,22,0.005|0.|0.|0.995
5|163|13,5,CDF1_1519,ProgenyLine13,NotApplicable,11,11,22,0.0051|0.|0.|0.9949
5|163|32,5,CDF1_1519,ProgenyLine32,NotApplicable,12,12,22,0.00003|0.00497|0.00505|0.98995
5|163|34,5,CDF1_1519,ProgenyLine34,NotApplicable,11,11,22,0.0082|0.|0.|0.9918
5|163|35,5,CDF1_1519,ProgenyLine35,NotApplicable,11,11,22,0.00798|0.|0.|0.99202
5|163|44,5,CDF1_1519,ProgenyLine44,NotApplicable,11,11,21,0.02377|0.00012|0.97116|0.00495
5|163|49,5,CDF1_1519,ProgenyLine49,NotApplicable,11,11,22,0.00576|0.|0.00004|0.9942
5|163|62,5,CDF1_1519,ProgenyLine62,NotApplicable,11,11,22,0.00505|0.|0.|0.99495
5|163|81,5,CDF1_1519,ProgenyLine81,NotApplicable,11,11,22,0.00773|0.|0.|0.99227
5|163|83,5,CDF1_1519,ProgenyLine83,NotApplicable,11,11,22,0.01123|0.|0.|0.98877
5|163|98,5,CDF1_1519,ProgenyLine98,NotApplicable,11,11,22,0.01238|0.|0.00222|0.98541
5|165|27,5,CDF1_696,ProgenyLine27,NotApplicable,11,11,22,0.00503|0.|0.|0.99497
5|165|34,5,CDF1_696,ProgenyLine34,NotApplicable,11,11,22,0.00636|0.|0.|0.99364
5|165|35,5,CDF1_696,ProgenyLine35,NotApplicable,11,11,22,0.00705|0.|0.|0.99295
5|165|40,5,CDF1_696,ProgenyLine40,NotApplicable,11,11,22,0.02805|0.|0.|0.97195
5|165|42,5,CDF1_696,ProgenyLine42,NotApplicable,12,12,22,0.00003|0.00497|0.00511|0.98989
5|165|46,5,CDF1_696,ProgenyLine46,NotApplicable,11,11,22,0.00509|0.|0.|0.99491
5|165|55,5,CDF1_696,ProgenyLine55,NotApplicable,11,11,21,0.00498|0.00002|0.99002|0.00498
5|165|81,5,CDF1_696,ProgenyLine81,NotApplicable,11,11,22,0.00711|0.|0.|0.99289
5|166|36,5,ELF5_3595,ProgenyLine36,NotApplicable,11,11,21,0.00528|0.00003|0.98972|0.00497
5|168|47,5,ELF5_2695,ProgenyLine47,NotApplicable,12,12,22,0.005|0.|0.|0.995
5|170|3,5,MASC01306,ProgenyLine3,NotApplicable,12,12,11,0.97687|0.00491|0.01813|0.00009
5|170|10,5,MASC01306,ProgenyLine10,NotApplicable,12,12,11,0.97381|0.02064|0.00369|0.00187
5|170|40,5,MASC01306,ProgenyLine40,NotApplicable,21,21,11,0.92369|0.04428|0.02488|0.00715
5|170|57,5,MASC01306,ProgenyLine57,NotApplicable,12,12,11,0.99445|0.00003|0.00005|0.00548
5|171|5,5,MN5_25819956,ProgenyLine5,NotApplicable,12,12,11,0.9419|0.05271|0.|0.00538
5|175|45,5,MN5_26220737,ProgenyLine45,NotApplicable,21,21,11,0.97068|0.00488|0.02432|0.00012
5|175|85,5,MN5_26220737,ProgenyLine85,NotApplicable,12,12,22,0.00528|0.|0.02552|0.96919