MarkerID_minLodClustering2.664_minLodOrdering2.664,LinkageGroupNo,Position(cM),InterMarkerDistance(cM),MarkerNo,NearestNeighbor,NeighborSimilarity,NeighborLod,LG_logLikelihood
MN1_1602026,1,0.,NA,4,2|6|10|12|1|8|18|24|9|11,1|1|1|1|0.95|0.89|0.87|0.85|0.84|0.84,25.9|11.9|9|4.2|23.6|20.7|2.7|2.3|8.5|2.3,-2565.09
CRY2_1021,1,0.,0.000011581885829694412,2,4|6|10|1|12|9|11|7|3|8,1|1|1|0.97|0.9|0.89|0.87|0.87|0.84|0.8,25.9|10.8|10.5|23.8|3.2|8.5|2.7|7.5|18|15.5,-2565.09
BKN118,1,1.9702,1.9701896231163751,1,9|6|10|2|4|7|3|5|11|18,1|1|1|0.97|0.95|0.92|0.91|0.87|0.86|0.85,13.5|11.7|8.8|23.8|23.6|7.6|20.5|7.5|2.5|2.4,-2565.09
MN1_444820,1,2.711,0.7408221902156413,6,4|1|2|3|5|8|12|16|14|15,1|1|1|0.95|0.93|0.85|0.66|0.66|0.65|0.6,11.9|11.7|10.8|8.8|26.5|6.8|4.3|3.6|4.4|12.2,-2565.09
MN1_197787,1,2.711,0.000011601624451134095,7,3|11|1|2|10|13|14|4|21|8,1|0.97|0.92|0.87|0.86|0.77|0.76|0.74|0.71|0.62,9.9|9.8|7.6|7.5|21.3|5.1|6.5|5.6|4.8|4.1,-2565.09
MN1_112907,1,2.711,0.00001156239734507259,3,9|5|7|6|1|36|2|370|4|11,1|1|1|0.95|0.91|0.85|0.84|0.84|0.82|0.82,12.8|11.1|9.9|8.8|20.5|2.2|18|2.2|17.1|1.9,-2565.09
MN1_29291,1,2.8942,0.18314260238177005,5,3|6|1|4|2|16|14|19|8|15,1|0.93|0.87|0.81|0.78|0.73|0.59|0.58|0.56|0.52,11.1|26.5|7.5|7|6.1|3.9|4|3.6|3.6|10,-2565.09
MN1_592863,1,3.7425,0.8482911393027504,9,1|3|2|4|8|16|12|19|11|18,1|1|0.89|0.84|0.75|0.6|0.6|0.56|0.54|0.51,13.5|12.8|8.5|8.5|6.4|3.1|3.5|3.4|3|3.2,-2565.09
AXR1_381,1,5.8911,2.1486273507112563,10,2|4|1|16|11|8|7|19|13|21,1|1|1|1|0.97|0.91|0.86|0.84|0.81|0.8,10.5|9|8.8|4.5|10.3|6.6|21.3|4.9|5.9|5.8,-2565.09
MN1_2696683,1,10.5162,4.6251251221953,8,11|12|18|10|4|6|15|2|13|1,1|1|1|0.91|0.89|0.85|0.83|0.8|0.79|0.76,4.3|3.6|3.6|6.6|20.7|6.8|6.2|15.5|15.6|15.5,-2565.09
MN1_2547756,1,10.5162,0.000011534981284628216,11,21|8|13|19|16|343|10|7|14|2,1|1|1|1|1|1|0.97|0.97|0.95|0.87,4.3|4.3|3.7|3.5|3.2|3|10.3|9.8|23.3|2.7,-2565.09
PHYA_924,1,11.3817,0.8654177879914973,14,12|19|16|11|21|13|15|36|7|10,1|1|1|0.95|0.9|0.9|0.85|0.81|0.76|0.76,3.3|3.1|2.7|23.3|3.4|3.4|7.2|1.9|6.5|6.3,-2565.09
MN1_2991816,1,11.3817,0.000011467455603004866,12,20|13|4|8|14|16|15|18|2|21,1|1|1|1|1|1|0.94|0.91|0.9|0.88,7.3|4.5|4.2|3.6|3.3|2.5|7.8|19.9|3.2|2.8,-2565.09
MN1_3229670,1,13.0298,1.6481450172089553,13,12|11|14|18|21|345|17|10|20|15,1|1|0.9|0.89|0.89|0.85|0.83|0.81|0.8|0.79,4.5|3.7|3.4|3.2|20.7|2.4|10.4|5.9|6.6|6.4,-2565.09
MN1_4569396,1,14.3417,1.311910779564243,17,21|13|8|29|4|2|1|24|27|23,0.92|0.83|0.73|0.72|0.67|0.59|0.57|0.51|0.49|0.49,20.6|10.4|7.6|8.3|6.8|4.9|4.7|2.2|2.2|2,-2565.09
MASC00490,1,15.0653,0.7235528569115263,21,20|15|22|24|23|11|19|18|16|17,1|1|1|1|1|1|1|1|1|0.92,11.4|10.9|8.6|4.7|4.5|4.3|4.3|4.2|3.3|20.6,-2565.09
MN1_3398242,1,15.0653,0.000011495047732037833,18,15|20|21|8|16|12|13|4|19|1,1|1|1|1|1|0.91|0.89|0.87|0.86|0.85,10.9|9|4.2|3.6|2.9|19.9|3.2|2.7|2.6|2.4,-2565.09
MN1_3678711,1,15.0653,0.000011446636375957058,15,18|21|19|16|12|14|8|13|4|11,1|1|1|1|0.94|0.85|0.83|0.79|0.73|0.7,10.9|10.9|9.5|8|7.8|7.2|6.2|6.4|5.9|5.2,-2565.09
MN1_3941311,1,15.3816,0.3162467775191924,20,21|18|16|12|19|25|24|23|13|22,1|1|1|1|0.95|0.81|0.81|0.8|0.8|0.79,11.4|9|7.4|7.3|8.2|5.6|6.7|6.6|6.6|18.6,-2565.09
MN1_4096221,1,17.511,2.1294211629381734,16,19|15|20|10|21|11|35|18|14|12,1|1|1|1|1|1|1|1|1|1,23.8|8|7.4|4.5|3.3|3.2|3|2.9|2.7|2.5,-2565.09
MN1_4317541,1,17.511,0.00001149028030031008,19,16|15|21|11|159|160|14|164|163|20,1|1|1|1|1|1|1|1|1|0.95,23.8|9.5|4.3|3.5|3.4|3.2|3.1|3|2.9|8.2,-2565.09
MN1_4947324,1,19.8803,2.3693021836822608,22,21|23|24|25|19|31|16|27|20|13,1|0.95|0.93|0.91|0.9|0.87|0.85|0.81|0.79|0.77,8.6|8.6|7|6.7|8.5|3.4|6.4|5.8|18.6|4.8,-2565.09
GAI_2211,1,20.17,0.2896888433424187,23,24|26|21|25|22|36|28|60|27|20,1|1|1|1|0.95|0.85|0.85|0.82|0.81|0.8,23.2|8.1|4.5|3.1|8.6|2.4|5.2|2|2|6.6,-2565.09
MN1_5206981,1,20.6078,0.437786057650333,24,23|26|21|25|22|29|28|60|4|36,1|1|1|1|0.93|0.91|0.9|0.85|0.85|0.85,23.2|8.7|4.7|3.1|7|3.5|6.4|2.3|2.3|2.3,-2565.09
SPS1_151,1,22.6633,2.0554896572983847,31,27|25|35|22|33|38|18|12|40|45,1|1|0.99|0.87|0.86|0.82|0.75|0.63|0.52|0.49,17.7|17.4|13.7|3.4|9.9|7.4|7.2|5.3|3.9|3.6,-2565.09
MASC00820,1,22.6633,0.000011497028253269418,25,31|24|23|16|27|22|34|35|19|20,1|1|1|1|0.97|0.91|0.9|0.83|0.82|0.81,17.4|3.1|3.1|2.4|23.4|6.7|6.1|15.5|2.1|5.6,-2565.09
MN1_5669326,1,23.7064,1.0431704550965415,27,31|29|228|16|25|26|28|35|24|23,1|1|1|1|0.97|0.95|0.95|0.91|0.82|0.81,17.7|4.4|2.9|2.5|23.4|8.7|8.5|19.1|2|2,-2565.09
MASC00503,1,25.1712,1.4647977551509965,29,28|26|27|35|24|30|32|34|36|33,1|1|1|1|0.91|0.91|0.87|0.87|0.86|0.85,11.4|10.8|4.4|3.8|3.5|9.5|8|7.7|2.5|2.4,-2565.09
MFT_3459,1,25.8,0.62880120853364,26,28|29|35|24|23|27|33|25|32|36,1|1|1|1|1|0.95|0.87|0.81|0.79|0.77,35.3|10.8|9.5|8.7|8.1|8.7|7.3|6.8|20.4|5.8,-2565.09
MFT_113,1,25.8,0.000011452914239043179,28,26|29|35|27|24|33|32|23|25|38,1|1|1|0.95|0.9|0.89|0.85|0.85|0.8|0.78,35.3|11.4|10|8.5|6.4|8.2|23.4|5.2|6.6|5.7,-2565.09
BUD1_348,1,26.3497,0.5496090838578881,35,28|26|29|37|36|16|228|31|33|27,1|1|1|1|1|1|1|0.99|0.93|0.91,10|9.5|3.8|3.5|3.1|3|2.4|13.7|19.3|19.1,-2565.09
MP_68,1,28.2032,1.853499922381811,30,33|34|29|35|36|25|27|24|38|21,1|0.91|0.91|0.89|0.83|0.8|0.78|0.77|0.77|0.7,8.5|24|9.5|5.6|5.9|5.5|5.1|5.6|4.3|5.3,-2565.09
NMSNP1-6941245,1,28.2032,0.000011585920435006728,33,30|37|36|63|35|34|28|26|31|32,1|1|1|1|0.93|0.91|0.89|0.87|0.86|0.85,8.5|3.5|2.8|2.2|19.3|6.4|8.2|7.3|9.9|6.9,-2565.09
NMSNP1-7672828,1,30.1244,1.9212301781937495,32,38|36|29|28|33|39|26|37|35|24,1|0.94|0.87|0.85|0.85|0.81|0.79|0.73|0.71|0.67,8.8|8|8|23.4|6.9|21.2|20.4|4.8|4.4|4.4,-2565.09
GI_5292,1,30.6988,0.5744288160223741,38,32|39|34|36|37|321|35|29|33|31,1|1|1|1|1|1|0.85|0.83|0.83|0.82,8.8|8.5|7.3|3.4|3.3|1.7|13.9|2.2|14.8|7.4,-2565.09
GI_123,1,30.6988,0.000011606603277080059,36,34|38|35|33|32|40|29|23|24|3,1|1|1|1|0.94|0.87|0.86|0.85|0.85|0.85,10.6|3.4|3.1|2.8|8|2.6|2.5|2.4|2.3|2.2,-2565.09
GI_2067,1,30.6988,0.000011462209040061062,34,36|38|33|30|25|29|35|24|21|27,1|1|0.91|0.91|0.9|0.87|0.75|0.73|0.71|0.69,10.6|7.3|6.4|24|6.1|7.7|4.2|4.7|4.7|4.4,-2565.09
CAL_454,1,34.6097,3.910863724233344,37,33|35|38|58|39|40|18|28|32|353,1|1|1|1|0.95|0.88|0.85|0.78|0.73|0.7,3.5|3.5|3.3|2.1|8.6|2.9|2.4|5|4.8|1.8,-2565.09
PFT1_5341,1,34.6097,0.000011483884834333823,39,38|37|33|36|44|32|35|40|28|65,1|0.95|0.83|0.83|0.81|0.81|0.81|0.73|0.65|0.62,8.5|8.6|6.3|6.1|5.7|21.2|5.3|5.7|14.4|4.2,-2565.09
NMSNP1-9973291,1,39.2401,4.6303948536179105,40,44|37|45|36|43|46|29|41|39|42,1|0.88|0.87|0.87|0.84|0.83|0.75|0.74|0.73|0.67,4.1|2.9|18.4|2.6|16.5|2|2.3|4.8|5.7|4.5,-2565.09
MN1_10423673,1,39.2401,0.000011534685483530571,44,41|45|40|47|43|48|42|46|39|36,1|1|1|1|1|0.93|0.9|0.85|0.81|0.67,8.9|4.2|4.1|3.5|3.3|7.5|5.9|2.4|5.7|10.7,-2565.09
MN1_10841443,1,43.4742,4.234048144292935,45,44|41|43|40|42|47|86|46|48|39,1|0.95|0.94|0.87|0.81|0.72|0.7|0.68|0.6|0.56,4.2|8.6|22.2|18.4|6.9|13.3|1.2|1.7|4.2|3.9,-2565.09
MN1_11159773,1,43.4742,0.0000115951582545514,41,46|43|44|45|42|47|40|116|29|63,1|1|1|0.95|0.87|0.79|0.74|0.59|0.53|0.52,9.9|9.2|8.9|8.6|20|4.8|4.8|2.9|3.3|2.4,-2565.09
MASC02650,1,43.8686,0.39445978905518314,43,41|44|45|40|46|97|42|89|16|47,1|1|0.94|0.84|0.83|0.82|0.76|0.73|0.68|0.66,9.2|3.3|22.2|16.5|2.2|2|5.6|1.3|1.1|11,-2565.09
FRL2_2232,1,45.1416,1.272980141909824,46,41|42|48|44|43|40|47|45|36|50,1|1|0.89|0.85|0.83|0.83|0.8|0.68|0.64|0.63,9.9|9.6|8.5|2.4|2.2|2|1.8|1.7|1.4|1.4,-2565.09
MN1_11655695,1,45.7285,0.5868480382995821,42,46|44|41|47|45|43|40|36|58|63,1|0.9|0.87|0.83|0.81|0.76|0.67|0.64|0.58|0.4,9.6|5.9|20|5.9|6.9|5.6|4.5|3.8|2.6|1.9,-2565.09
PERL0107626,1,47.8821,2.1536671075505365,47,44|42|64|46|41|48|45|43|49|40,1|0.83|0.82|0.8|0.79|0.73|0.72|0.66|0.63|0.63,3.5|5.9|2|1.8|4.8|5.1|13.3|11|10|10.1,-2565.09
MN1_13671674,1,48.7668,0.8846557048749978,48,44|46|47|45|36|50|49|43|37|40,0.93|0.89|0.73|0.6|0.59|0.58|0.55|0.54|0.54|0.53,7.5|8.5|5.1|4.2|3.4|3.6|3.3|3.3|3.4|3.2,-2565.09
MN1_17181992,1,60.1109,11.344090477993428,51,49|50|52|53|58|56|60|59|54|65,1|0.8|0.76|0.75|0.68|0.66|0.66|0.63|0.61|0.56,10.4|6.3|5.5|6.2|3.8|3.6|4.3|3.8|10.8|3,-2565.09
MASC06784,1,60.1109,0.000011591965702285982,49,51|53|50|52|73|55|47|60|54|59,1|0.89|0.8|0.79|0.76|0.74|0.63|0.63|0.62|0.62,10.4|3|15.2|15.7|1.5|4.6|10|1.4|3.5|10.2,-2565.09
MN1_18632912,1,65.0056,4.894690587859648,50,53|52|60|55|49|51|54|57|59|65,1|0.94|0.88|0.83|0.8|0.8|0.8|0.78|0.78|0.75,4.7|21.4|2.9|5.5|15.2|6.3|6|5.8|14.5|2.3,-2565.09
MASC00545,1,66.1962,1.190631403640735,52,53|50|55|59|49|60|51|54|57|65,1|0.94|0.85|0.79|0.79|0.77|0.76|0.74|0.65|0.64,5.4|21.4|6.4|16.2|15.7|2.6|5.5|5.8|4.6|1.9,-2565.09
MN1_19519292,1,67.3274,1.131167224658307,53,54|52|50|61|59|57|60|55|58|49,1|1|1|1|1|0.97|0.91|0.9|0.89|0.89,12.3|5.4|4.7|4.3|4.2|10.3|20.2|6.3|3.1|3,-2565.09
MN1_20174828,1,69.4361,2.108697858395755,60,54|55|59|61|63|57|53|50|24|58,1|1|1|1|1|0.96|0.91|0.88|0.85|0.85,10.9|8.4|4.1|4.1|3|9.4|20.2|2.9|2.3|2.3,-2565.09
PERL0174281,1,70.4846,1.0485051121553353,54,57|53|59|60|63|56|58|50|61|52,1|1|1|1|1|0.85|0.84|0.8|0.75|0.74,30.3|12.3|11|10.9|7.6|6.2|5.9|6|6.1|5.8,-2565.09
PERL0172350,1,70.4846,0.000011561965846071646,55,59|63|60|61|53|52|50|64|49|56,1|1|1|0.96|0.9|0.85|0.83|0.8|0.74|0.72,10.1|9.1|8.4|9.2|6.3|6.4|5.5|5.2|4.6|3.8,-2565.09
MASC00513,1,70.4846,0.000011465697063882228,63,55|57|54|64|59|60|68|33|70|56,1|1|1|1|1|1|1|1|0.84|0.81,9.1|7.7|7.6|3.3|3.1|3|2.6|2.2|2.2|1.8,-2565.09
MN1_21079881,1,70.9186,0.43396711671780125,57,54|59|56|58|63|53|60|50|61|52,1|1|1|1|1|0.97|0.96|0.78|0.7|0.65,30.3|10.4|10|9.6|7.7|10.3|9.4|5.8|5.1|4.6,-2565.09
MASC03754,1,70.9186,0.00001163400732507948,59,54|57|55|53|60|63|65|52|61|56,1|1|1|1|1|1|0.87|0.79|0.79|0.78,11|10.4|10.1|4.2|4.1|3.1|2.7|16.2|15.6|1.7,-2565.09
MN1_21669564,1,74.0734,3.1548002014955876,56,57|58|53|54|60|62|61|63|59|55,1|0.97|0.88|0.85|0.84|0.83|0.83|0.81|0.78|0.72,10|20|2.9|6.2|2.2|5.9|2.2|1.8|1.7|3.8,-2565.09
MN1_22354107,1,74.9584,0.8850529869093212,58,57|61|37|132|56|53|62|60|54|63,1|1|1|1|0.97|0.89|0.85|0.85|0.84|0.78,9.6|3.1|2.1|1.9|20|3.1|6.3|2.3|5.9|1.6,-2565.09
MASC04170,1,74.9585,0.000011573316280428611,61,65|53|60|58|55|62|69|56|67|59,1|1|1|1|0.96|0.89|0.84|0.83|0.81|0.79,4.5|4.3|4.1|3.1|9.2|8.1|2.3|2.2|6|15.6,-2565.09
MN1_23474588,1,78.626,3.667495336776376,64,62|63|66|47|55|68|67|65|69|70,1|1|0.83|0.82|0.8|0.8|0.77|0.75|0.73|0.72,10.8|3.3|6.4|2|5.2|14.1|6|2.3|2.1|13.2,-2565.09
MN1_23270514,1,78.626,0.000011487598653964018,62,64|65|61|58|56|53|68|59|60|57,1|0.91|0.89|0.85|0.83|0.8|0.79|0.75|0.74|0.64,10.8|6.5|8.1|6.3|5.9|6.7|5.1|5.3|5|12.8,-2565.09
MN1_23893336,1,80.993,2.3670096059911434,65,70|61|68|67|66|62|59|79|72|64,1|1|1|0.98|0.98|0.91|0.87|0.77|0.75|0.75,5.3|4.5|4.1|12.2|11.9|6.5|2.7|2.6|2.3|2.3,-2565.09
FT_3485,1,83.4795,2.4865109898414874,66,67|65|70|68|69|72|64|59|71|61,1|0.98|0.94|0.92|0.9|0.87|0.83|0.78|0.76|0.75,35.6|11.9|8.8|7.5|8.4|5.8|6.4|4.1|5|4.9,-2565.09
FT_585,1,83.4795,0.000011490921682884951,67,66|65|70|68|72|71|69|61|59|64,1|0.98|0.96|0.92|0.92|0.82|0.82|0.81|0.77|0.77,35.6|12.2|9.9|7.3|7.1|6.1|7.1|6|5.1|6,-2565.09
MN1_24694673,1,84.2869,0.8074289649355767,70,65|72|71|68|74|67|66|78|76|84,1|1|1|0.97|0.96|0.96|0.94|0.91|0.9|0.9,5.3|4.5|4|23|9.3|9.9|8.8|3.7|3.4|3.4,-2565.09
MN1_24795166,1,84.9581,0.6711255904110291,72,74|70|68|69|71|67|81|66|76|77,1|1|1|1|0.97|0.92|0.88|0.87|0.85|0.78,8.8|4.5|4.3|3|22.6|7.1|2.9|5.8|17.5|4.9,-2565.09
FKF1_2281,1,87.2342,2.276136079321807,68,69|72|65|71|63|70|74|66|67|75,1|1|1|1|1|0.97|0.97|0.92|0.92|0.88,4.5|4.3|4.1|4.1|2.6|23|10|7.5|7.3|2.9,-2565.09
MN1_25487722,1,87.2342,0.000011464794501907766,71,74|68|70|69|72|76|67|66|75|81,1|1|1|1|0.97|0.85|0.82|0.76|0.76|0.69,8.6|4.1|4|3.4|22.6|17.6|6.1|5|14.4|1.8,-2565.09
MN1_26278413,1,88.7902,1.5559761881474736,69,74|68|71|72|77|70|66|76|81|75,1|1|1|1|0.93|0.9|0.9|0.87|0.87|0.86,9.9|4.5|3.4|3|7.6|3.3|8.4|2.7|2.7|2.5,-2565.09
PERL0235052,1,88.7902,0.000011591077008990857,74,69|76|75|78|72|71|80|68|70|77,1|1|1|1|1|1|1|0.97|0.96|0.89,9.9|9.2|9|8.9|8.8|8.6|8.4|10|9.3|21.2,-2565.09
MASC03684,1,90.2034,1.4131945503384666,76,74|75|70|81|69|68|71|72|77|73,1|0.95|0.9|0.9|0.87|0.86|0.85|0.85|0.84|0.82,9.2|22.7|3.4|3.3|2.7|2.6|17.6|17.5|6.6|2,-2565.09
MN1_26795231,1,91.3612,1.1578475231814183,75,77|74|81|76|70|68|69|80|73|78,1|1|1|0.95|0.9|0.88|0.86|0.84|0.82|0.76,9.4|9|4.7|22.7|3.3|2.9|2.5|16.5|2|15.2,-2565.09
NMSNP1-26685638,1,91.3612,0.000011535764974252431,77,81|75|80|78|69|83|74|82|76|73,1|1|1|0.95|0.93|0.92|0.89|0.86|0.84|0.8,11.8|9.4|8.8|8.5|7.6|6.7|21.2|7.2|6.6|3.9,-2565.09
MN1_26993261,1,91.3613,0.000011466365253774476,81,77|78|75|80|83|73|84|82|76|74,1|1|1|1|1|1|0.91|0.91|0.9|0.89,11.8|5|4.7|4.2|3.9|3.3|3.7|3.6|3.3|7.8,-2565.09
MASC00850,1,94.6251,3.2638664916971627,80,77|74|81|78|70|79|85|68|75|76,1|1|1|0.91|0.9|0.89|0.89|0.84|0.84|0.82,8.8|8.4|4.2|20.2|3.2|3|7.8|2.3|16.5|16.5,-2565.09
MN1_28584258,1,97.0522,2.427094083959968,73,81|78|83|86|87|155|79|85|76|75,1|1|1|1|1|1|0.9|0.85|0.82|0.82,3.3|3.2|2.5|1.8|1.6|1.4|3.3|4.9|2|2,-2565.09
MN1_28666837,1,97.5481,0.49588932971561944,78,85|74|81|73|77|83|70|80|79|84,1|1|1|1|0.95|0.94|0.91|0.91|0.91|0.89,13.6|8.9|5|3.2|8.5|21.3|3.7|20.2|3.5|20.5,-2565.09
MN1_30312683,1,99.7013,2.153155251159277,79,84|82|83|85|78|73|80|87|86|69,1|1|1|0.94|0.91|0.9|0.89|0.84|0.78|0.77,5.9|5.7|4.5|8.2|3.5|3.3|3|2.3|1.6|2.6,-2565.09
MASC04717,1,100.1515,0.45023548611033665,85,78|83|87|86|79|84|80|82|73|81,1|1|1|1|0.94|0.92|0.89|0.86|0.85|0.73,13.6|12.1|8.2|7.2|8.2|10.6|7.8|9.1|4.9|5,-2565.09
NMSNP1-29898175,1,101.1808,1.0292699905332126,83,85|79|81|73|87|84|78|77|82|70,1|1|1|1|1|0.97|0.94|0.92|0.91|0.87,12.1|4.5|3.9|2.5|1.6|23.7|21.3|6.7|19.9|2.7,-2565.09
MN1_30116495,1,101.9121,0.7313246005123137,84,79|87|82|83|85|81|70|78|77|86,1|1|0.98|0.97|0.92|0.91|0.9|0.89|0.79|0.77,5.9|1.9|26.4|23.7|10.6|3.7|3.4|20.5|6.3|1.6,-2565.09
MASC00542,1,101.9121,0.000011518403183412638,82,79|86|87|84|83|81|70|85|77|74,1|1|1|0.98|0.91|0.91|0.89|0.86|0.86|0.85,5.7|2.8|1.9|26.4|19.9|3.6|3.2|9.1|7.2|6.7,-2565.09
MASC00675,1,102.6458,0.7337113229412485,87,85|82|84|83|73|204|86|79|74|77,1|1|1|1|1|1|0.96|0.84|0.61|0.53,8.2|1.9|1.9|1.6|1.6|1.4|18.3|2.3|2.4|2.2,-2565.09
MN1_29696345,1,102.7348,0.0889693935861564,86,85|82|73|87|79|84|74|77|45|69,1|1|1|0.96|0.78|0.77|0.74|0.73|0.7|0.69,7.2|2.8|1.8|18.3|1.6|1.6|3.8|3.6|1.2|1.1,-2565.09
RGA_1023,2,0.,NA,133,141|130|144|145|149|138|115|153|114|127,1|1|1|1|1|0.77|0.69|0.57|0.37|0.24,10.9|9.7|4.2|3.5|3.4|1.5|10|1.1|4|2.9,-1663.99
MN2_592845,2,0.1398,0.13982806416021948,130,144|133|145|149|155|115|114|138|117|127,1|1|1|0.94|0.81|0.8|0.67|0.6|0.54|0.5,9.9|9.7|8.8|8|5.4|5.1|3.9|2.7|2.8|3.1,-1663.99
MN2_286127,2,0.1398,0.000011620663319628822,144,145|141|130|133|155|149|261|115|112,1|1|1|1|1|0.94|0.85|0.68|0.5,24.5|11.5|9.9|4.2|2.5|21.9|2.3|1.6|1.1,-1663.99
RGA_2019,2,0.1399,0.000011505740446970664,141,144|133|145|149|115|151|153|148|155|132,1|1|1|0.93|0.77|0.73|0.72|0.72|0.66|0.66,11.5|10.9|9.6|7.8|5.5|2.8|3.9|3.5|3.2|3.1,-1663.99
NMSNP2-839805,2,0.4889,0.34904209489930815,145,144|141|130|133|155|149|261|115|251,1|1|1|1|1|0.97|0.85|0.81|0.33,24.5|9.6|8.8|3.5|2.3|23|2.3|1.9|1.4,-1663.99
MASC05477,2,1.5343,1.0453675725337805,149,133|155|145|144|130|141|115|249|261|257,1|1|0.97|0.94|0.94|0.93|0.85|0.76|0.69|0.56,3.4|3.2|23|21.9|8|7.8|2.4|1.5|1.8|1.4,-1663.99
NMSNP2-1798607,2,3.9008,2.3665582985145894,155,149|144|145|73|130|88|93|151|115|95,1|1|1|1|0.81|0.78|0.76|0.74|0.72|0.7,3.2|2.5|2.3|1.4|5.4|1.6|1.5|8.3|1.2|1.2,-1663.99
MN2_7551582,2,20.5447,16.6438923676917,138,137|127|152|147|146|142|115|97|143|153,1|1|1|1|1|1|1|1|1|1,5.9|3.3|3|2.9|2.8|2.5|2.3|1.8|1.5|1.5,-1663.99
PHYB_5215,2,20.5447,0.000011483518592948009,148,151|137|127|342|340|111|142|147|88|95,1|1|1|1|1|1|1|1|1|1,17.8|5.2|3.6|2.4|2.3|2.2|1.9|1.6|1.5|1.5,-1663.99
MN2_7742622,2,20.5447,0.00001158213847861019,151,148|137|127|142|147|114|117|93|105|183,1|1|1|1|1|1|1|1|1|1,17.8|3.7|2.5|1.7|1.7|1.6|1.5|1.3|1.2|1.2,-1663.99
MN2_8594369,2,21.857,1.3123015452213642,150,342|340|147|386|88|95|337|138|153|148,1|1|1|1|1|1|1|1|0.93|0.89,3.3|3.1|2.8|2.3|2.3|2.1|1.8|1.1|17.8|16.2,-1663.99
MASC07354,2,22.6202,0.7631180120373425,147,135|126|143|153|138|150|154|151|148|152,1|1|1|1|1|1|1|1|1|0.95,4.5|3.1|3|3|2.9|2.8|2.4|1.7|1.6|22.5,-1663.99
MASC05443,2,22.6202,0.000011465130008391882,132,340|95|93|88|58|386|376|154|148|151,1|1|1|1|1|1|1|0.93|0.92|0.91,2.2|2.1|1.9|1.9|1.9|1.5|1.4|17|16.5|13.8,-1663.99
MASC02600,2,22.6202,0.000011638466302031877,152,143|153|138|146|147|142|114|135|140|128,1|1|1|0.98|0.95|0.92|0.89|0.88|0.87|0.81,3.4|3.3|3|26|22.5|21.4|3.1|2.8|2.8|5.7,-1663.99
NMSNP2-6032798,2,22.6202,0.000011458555101683379,154,142|147|151|132|148|137|103|340|131|152,1|1|0.95|0.93|0.92|0.85|0.82|0.81|0.81|0.78,2.6|2.4|14.3|17|15.5|4.5|1.9|2|1.9|1.7,-1663.99
MASC05584,2,23.3753,0.7550921340801175,146,143|138|152|147|142|114|135|153|137|128,1|1|0.98|0.91|0.91|0.89|0.87|0.84|0.82|0.76,3.6|2.8|26|21|20.9|3|2.6|2.3|7.3|5.7,-1663.99
MN2_8750048,2,23.7601,0.3848684549702949,142,137|114|143|154|138|148|151|152|146|127,1|1|1|1|1|1|1|0.92|0.91|0.91,9.2|3.6|3.1|2.6|2.5|1.9|1.7|21.4|20.9|3.5,-1663.99
PHYB_1645,2,23.7602,0.000011461286828593685,137,142|138|148|151|127|114|115|153|143|132,1|1|1|1|0.97|0.95|0.92|0.89|0.88|0.86,9.2|5.9|5.2|3.7|9.8|8.1|6.1|5.1|5.1|4.7,-1663.99
FDP_354,2,23.7602,0.000011484447049751922,127,148|138|151|137|142|150|132|154|112|121,1|1|1|0.97|0.91|0.89|0.86|0.68|0.68|0.66,3.6|3.3|2.5|9.8|3.5|3|2.5|1.7|1.7|4.2,-1663.99
MASC02928,2,30.1982,6.437996343272552,135,123|128|147|143|140|153|152|131|146|117,1|1|1|1|1|1|0.88|0.88|0.87|0.84,8.1|6|4.5|2.6|2.6|2.5|2.8|2.8|2.6|2.2,-1663.99
SVP_4824,2,30.1982,0.000011548145643880365,153,140|342|152|340|147|135|337|386|138|143,1|1|1|1|1|1|1|1|1|0.97,23.1|3.5|3.3|3.2|3|2.5|2.3|1.5|1.5|20.5,-1663.99
MN2_10134400,2,31.0215,0.8233608509112481,140,143|153|128|131|124|135|118|138|280|152,1|1|1|1|1|1|1|1|1|0.87,24.5|23.1|11.6|3.8|3.4|2.6|2.3|1.2|1.2|2.8,-1663.99
MN2_10566684,2,31.7612,0.7396988644608751,143,140|128|146|152|131|142|147|124|135|118,1|1|1|1|1|1|1|1|1|1,24.5|10.5|3.6|3.4|3.1|3.1|3|2.8|2.6|2,-1663.99
MAX1_657,2,34.8762,3.114992245033826,131,136|134|128|129|117|114|140|143|92|139,1|1|1|1|1|1|1|1|1|0.96,11.6|11.3|9.7|5.3|4.4|4.4|3.8|3.1|3|9.1,-1663.99
MN2_12187411,2,34.8762,0.000011468866676045288,139,129|124|126|136|134|131|122|125|147|120,1|1|1|0.98|0.98|0.96|0.95|0.94|0.94|0.88,9.7|9|7.4|28.2|27.6|9.1|8.7|8.1|7.8|5.5,-1663.99
MN2_11300378,2,35.437,0.5607450442307158,136,134|131|129|124|139|126|151|120|118|143,1|1|1|1|0.98|0.93|0.88|0.87|0.86|0.84,32.6|11.6|10.1|9.1|28.2|6.9|4.6|5.4|5|6.2,-1663.99
MASC05920,2,35.8278,0.390810947976535,134,136|131|129|124|139|126|120|118|153|143,1|1|1|1|0.98|0.92|0.87|0.84|0.82|0.81,32.6|11.3|10.8|9.5|27.6|6.5|5.1|4.6|5.4|5.4,-1663.99
MN2_11564603,2,36.1177,0.28990786156677956,128,140|143|131|124|118|135|114|117|123|129,1|1|1|1|1|1|0.95|0.94|0.92|0.89,11.6|10.5|9.7|8.4|7.3|6|8|7.8|22.5|5.8,-1663.99
MASC05327,2,37.2693,1.151546220340365,129,126|134|136|139|123|131|124|117|290|114,1|1|1|1|1|1|1|1|1|1,23.2|10.8|10.1|9.7|8.8|5.3|4|3.2|3.1|3,-1663.99
ATC_1679,2,37.2693,0.000011549014401120095,126,129|123|139|121|147|287|124|290|114|120,1|1|1|1|1|1|1|1|1|1,23.2|7.8|7.4|5.9|3.1|3|3|2.9|2.9|2.6,-1663.99
MASC07284,2,38.536,1.266713332001931,124,134|136|139|128|123|122|114|129|117|140,1|1|1|1|1|1|1|1|1|1,9.5|9.1|9|8.4|8.3|4.2|4.1|4|3.8|3.4,-1663.99
MN2_13201786,2,40.2736,1.7375990198265707,123,125|122|117|129|124|135|126|118|114|128,1|1|1|1|1|1|1|1|0.96|0.92,11.4|10.7|10.1|8.8|8.3|8.1|7.8|7.6|9.2|22.5,-1663.99
MASC02787,2,40.2736,0.000011617380871839209,125,122|123|120|117|139|129|124|126|121|118,1|1|1|1|0.94|0.91|0.9|0.9|0.88|0.86,25.9|11.4|4.1|4|8.1|20.7|3.3|17.3|8|2.5,-1663.99
MN2_13326473,2,40.6832,0.40959948764789894,122,125|123|117|124|120|118|297|121|139|126,1|1|1|1|1|1|1|0.97|0.95|0.9,25.9|10.7|4.3|4.2|4|3.6|1.8|10|8.7|18.3,-1663.99
SAR1_280,2,42.7855,2.1023464230981888,121,117|120|126|122|119|116|114|129|118|125,1|1|1|0.97|0.95|0.95|0.93|0.93|0.92|0.88,10.2|8.9|5.9|10|8.3|8|7.3|7.1|6.6|8,-1663.99
MASC02512,2,42.7855,0.000011556460953787512,120,113|121|125|122|114|117|129|126|92|116,1|1|1|1|1|1|1|1|1|0.94,9.1|8.9|4.1|4|3.9|3.8|2.9|2.6|1.5|19.2,-1663.99
MN2_14003409,2,42.7856,0.000011477825398138208,117,121|123|131|122|111|125|120|124|118|112,1|1|1|1|1|1|1|1|1|1,10.2|10.1|4.4|4.3|4.1|4|3.8|3.8|3.5|3.5,-1663.99
MASC05434,2,43.1012,0.3156518629414105,118,123|128|122|117|114|112|111|195|140|126,1|1|1|1|1|1|1|1|1|1,7.6|7.3|3.6|3.5|3.5|3|3|2.9|2.3|2.3,-1663.99
MASC06798,2,43.7383,0.6370835910489593,119,116|114|228|92|121|120|122|195|118|113,1|1|1|1|0.95|0.93|0.88|0.86|0.86|0.86,24.7|4.1|2.3|2.2|8.3|18.8|2.8|2.6|15.4|6.8,-1663.99
FES1_1877,2,43.7383,0.000011504969105027812,116,119|114|96|99|92|121|120|122|118|111,1|1|1|1|1|0.95|0.94|0.87|0.86|0.85,24.7|3.9|2.3|2.2|1.9|8|19.2|2.7|15.4|2.3,-1663.99
MASC05841,2,43.7383,0.00001159554873125465,114,113|131|105|111|124|119|112|120|116|106,1|1|1|1|1|1|1|1|1|1,9.8|4.4|4.4|4.4|4.1|4.1|3.9|3.9|3.9|3.9,-1663.99
MN2_14583090,2,45.1535,1.4151565521232132,112,111|114|108|101|105|117|109|118|106|123,1|1|1|1|1|1|1|1|1|0.91,24.7|3.9|3.9|3.6|3.5|3.5|3.1|3|3|6.5,-1663.99
MN2_14949589,2,46.2732,1.1197032303691443,111,112|114|108|117|105|101|109|106|118|148,1|1|1|1|1|1|1|1|1|1,24.7|4.4|4.2|4.1|3.9|3.6|3.5|3.3|3|2.2,-1663.99
MASC05384,2,47.8302,1.557012810084617,113,114|120|111|105|110|117|109|108|119|112,1|1|0.95|0.95|0.95|0.93|0.92|0.91|0.86|0.85,9.8|9.1|8.9|8.9|8.7|7.7|6.6|6.3|6.8|6.6,-1663.99
MASC05385,2,47.8302,0.000011531955918454541,110,101|103|108|105|114|117|109|106|111|113,1|1|1|1|1|1|1|1|0.97|0.95,3.9|3.8|3.8|3.6|3.4|3.3|3.2|3.1|23.4|8.7,-1663.99
MASC02232,2,49.5556,1.7253851726514378,109,111|114|110|112|99|96|94|92|105|107,1|1|1|1|1|1|1|1|0.97|0.93,3.5|3.5|3.2|3.1|2.8|2.6|2.2|2|22|7.4,-1663.99
MASC06022,2,50.1103,0.5546978019374298,108,106|107|104|102|100|111|112|110|114|97,1|1|1|1|1|1|1|1|1|1,24|10.3|10.2|5.9|5.3|4.2|3.9|3.8|3.2|2.8,-1663.99
MASC03060,2,50.1103,0.00001145274521714595,115,91|138|137|149|145|130|343|100|141|155,1|1|0.92|0.85|0.81|0.8|0.79|0.77|0.77|0.72,3.5|2.3|6.1|2.4|1.9|5.1|1.7|4.2|5.5|1.2,-1663.99
MASC06077,2,50.7823,0.6719874776910805,105,104|107|114|111|110|97|112|99|96|94,1|1|1|1|1|1|1|1|1|1,10.7|10.4|4.4|3.9|3.6|3.5|3.5|3.4|3.3|3,-1663.99
HOS1_1788,2,52.414,1.6316887899115582,107,104|106|105|108|103|101|114|109|95|88,1|1|1|1|1|0.94|0.94|0.93|0.86|0.84,32.9|10.7|10.4|10.3|8.8|7.7|7.5|7.4|6.7|6.1,-1663.99
HOS1_5954,2,52.414,0.000011580950492832307,104,107|105|108|106|101|103|114|109|95|88,1|1|1|1|0.95|0.94|0.94|0.93|0.88|0.84,32.9|10.7|10.2|10|8.8|8.4|8.1|7.2|7.8|6.3,-1663.99
MN2_16837474,2,52.414,0.000011630782081542974,106,108|107|104|102|100|114|111|103|97|110,1|1|1|1|1|1|1|1|1|1,24|10.7|10|6|5.7|3.9|3.3|3.3|3.2|3.1,-1663.99
MN2_17051422,2,55.7424,3.328364640589449,103,107|110|106|93|108|98|104|102|100|111,1|1|1|1|1|1|0.94|0.93|0.92|0.89,8.8|3.8|3.3|2.8|2.6|2.6|8.4|6.9|6.3|3,-1663.99
MN2_17606148,2,57.9653,2.2229542157739934,101,110|112|111|99|96|94|97|92|89|95,1|1|1|1|1|1|1|1|1|0.97,3.9|3.6|3.6|3.1|3|2.9|2.8|2.7|2.2|21.7,-1663.99
MN2_17844494,2,58.2043,0.23898062416872456,96,99|92|265|91|105|95|88|101|261|336,1|1|1|1|1|1|1|1|1|1,24.8|24.6|3.4|3.3|3.3|3.2|3.2|3|2.9|2.8,-1663.99
MAX2_67,2,58.2043,0.0000116340936866235,99,96|92|105|95|88|101|109|265|108|261,1|1|1|1|1|1|1|1|1|1,24.8|24|3.4|3.4|3.2|3.1|2.8|2.8|2.7|2.7,-1663.99
MAX2_752,2,58.2043,0.000011629399612653999,92,96|99|265|88|131|261|105|95|101|108,1|1|1|1|1|1|1|1|1|1,24.6|24|3.2|3|3|2.9|2.9|2.9|2.7|2.5,-1663.99
MN2_18034146,2,59.5292,1.3248816735002973,95,88|90|99|96|94|97|92|89|150|132,1|1|1|1|1|1|1|1|1|1,24.1|7.9|3.4|3.2|3.2|3|2.9|2.6|2.1|2.1,-1663.99
MAX3_141,2,59.5956,0.0663598416438541,89,97|91|88|105|357|95|101|106|108|96,1|1|1|1|1|1|1|1|1|0.96,22.8|3.4|2.9|2.7|2.6|2.6|2.2|2.2|2.1|19.4,-1663.99
MASC02020,2,59.5956,0.000011593221635653771,88,95|90|97|99|96|94|92|89|150|132,1|1|1|1|1|1|1|1|1|1,24.1|9.8|3.4|3.2|3.2|3.1|3|2.9|2.3|1.9,-1663.99
SOC1_1594,2,61.9342,2.3385971774387193,90,94|88|93|95|92|89|96|99|97|98,1|1|1|1|0.95|0.95|0.94|0.94|0.94|0.9,10|9.8|9.5|7.9|8.2|7.9|8.2|8|7.8|5.9,-1663.99
MN2_18402190,2,61.9342,0.000011448657639524681,97,89|91|105|88|106|95|108|101|138|92,1|1|1|1|1|1|1|1|1|1,22.8|3.7|3.5|3.4|3.2|3|2.8|2.8|1.8|20.1,-1663.99
MN2_18753024,2,61.9342,0.000011617717907176719,93,90|102|100|94|103|132|148|151|88|95,1|1|1|1|1|1|1|1|0.97|0.94,9.5|8.8|8|3.5|2.8|1.9|1.4|1.3|20.1|20.6,-1663.99
SOC1_2742,2,61.9342,0.000011449873018077543,102,100|93|94|106|108|91|97|103|96|89,1|1|1|1|1|0.94|0.94|0.93|0.93|0.93,28.5|8.8|8.1|6|5.9|8.3|7.3|6.9|7|6.7,-1663.99
SOC1_651,2,61.9342,0.000011611673211270938,100,102|91|93|94|106|108|97|96|99|89,1|1|1|1|1|1|0.94|0.93|0.93|0.92,28.5|10.5|8|7.7|5.7|5.3|7.4|7.3|6.7|6.3,-1663.99
MN2_18986211,2,62.6665,0.7323250693899408,94,90|102|100|93|91|95|98|88|105|101,1|1|1|1|1|1|1|1|1|1,10|8.1|7.7|3.5|3.2|3.2|3.1|3.1|3|2.9,-1663.99
MN2_19602061,2,62.6666,0.000011481680595191576,98,91|114|94|103|90|93|102|100|195|95,1|1|1|1|0.9|0.9|0.89|0.88|0.84|0.82,3.9|3.2|3.1|2.6|5.9|17.6|5.4|4.8|2.2|14,-1663.99
MN2_19253011,2,62.6666,0.000011517958032388472,91,100|98|97|115|89|96|94|102|117|90,1|1|1|1|1|1|1|0.94|0.89|0.89,10.5|3.9|3.7|3.5|3.4|3.3|3.2|8.3|3.1|8.3,-1663.99
RGL2_3396,3,0.,NA,223,213|225|220|222|205|207|219|224|217|209,1|0.95|0.71|0.7|0.69|0.67|0.61|0.6|0.58|0.44,11.6|8.6|2|1.8|1.7|1.7|1.2|4|8.1|2.6,-2108.58
MN3_580517,3,0.,0.000011528466862331384,225,223|222|221|219|224|212|220|217|218|215,0.95|0.8|0.8|0.77|0.67|0.58|0.57|0.57|0.53|0.51,8.6|6.2|6.3|5.4|13.8|2.9|3.8|2.7|3.5|2.3,-2108.58
FLK_958,3,0.4257,0.4257220354238976,221,222|219|215|220|224|208|213|203|225|209,1|1|1|0.89|0.86|0.84|0.83|0.8|0.8|0.79,29.2|4.3|3.4|21.7|7.4|2.3|6.3|1.9|6.3|6.7,-2108.58
FLK_2200,3,0.4257,0.000011615745599269596,222,221|219|215|220|224|213|208|225|214|209,1|1|1|0.89|0.85|0.85|0.83|0.8|0.76|0.75,29.2|3.8|3.3|20.7|7|6.7|2.1|6.2|14.9|5.5,-2108.58
RGL2_617,3,0.4258,0.000011607268310118227,213,223|219|220|222|221|207|214|203|205|217,1|0.94|0.85|0.85|0.83|0.76|0.71|0.7|0.65|0.63,11.6|7.3|7|6.7|6.3|5.9|5.4|4.1|4.3|3.7,-2108.58
MN3_1803905,3,2.5451,2.1193446290387055,219,220|221|222|288|213|214|209|224|27|211,1|1|1|1|0.94|0.89|0.83|0.8|0.78|0.77,4.4|4.3|3.8|1.5|7.3|3|5.9|5.3|1.6|8,-2108.58
MN3_2236560,3,4.5095,1.9643883002394442,220,224|219|215|208|221|222|214|213|218|210,1|1|1|1|0.89|0.89|0.86|0.85|0.83|0.8,11.6|4.4|4.3|3.9|21.7|20.7|19.3|7|18.7|6.8,-2108.58
MN3_2232003,3,4.5095,0.000011589754601465093,224,220|217|218|214|221|222|215|219|216|208,1|1|0.91|0.86|0.86|0.85|0.82|0.8|0.79|0.75,11.6|8|10|7.6|7.4|7|5.7|5.3|6.8|5.3,-2108.58
MN3_2565035,3,6.1823,1.6728234422929775,217,224|218|205|215|208|204|187|200|209|212,1|1|1|1|1|1|1|1|0.94|0.89,8|3.2|3|3|2.6|2.6|1.9|1.8|7.7|16.4,-2108.58
SPY_1453,3,9.3278,3.145455463679572,218,212|215|217|209|214|224|210|216|208|220,1|1|1|0.95|0.91|0.91|0.89|0.89|0.88|0.83,4.9|4.5|3.2|9.2|21.7|10|8.7|20.4|3|18.7,-2108.58
SPY_5334,3,10.2287,0.900949059394298,215,218|220|221|212|222|217|165|208|210|209,1|1|1|1|1|1|1|0.93|0.91|0.91,4.5|4.3|3.4|3.4|3.3|3|2.4|18.8|6.1|6.3,-2108.58
MASC00564,3,10.2287,0.000011633995843452648,212,218|205|215|204|208|187|209|210|207|217,1|1|1|1|1|1|0.97|0.95|0.9|0.89,4.9|4.2|3.4|3.3|3|2|9.9|8.6|3.3|16.4,-2108.58
PIE1_9146,3,11.5328,1.3040467380755643,216,214|209|210|208|218|207|212|215|161|224,1|1|1|1|0.89|0.89|0.87|0.85|0.85|0.79,27.7|12.2|10.9|4.1|20.4|20.2|2.6|2.4|2.4|6.8,-2108.58
PIE1_7118,3,11.5328,0.000011470627042096703,214,216|209|210|208|218|219|207|212|224|220,1|1|1|1|0.91|0.89|0.88|0.88|0.86|0.86,27.7|13.3|10.8|3.9|21.7|3|20|2.9|7.6|19.3,-2108.58
PIE1_701,3,11.5328,0.000011457964572638646,209,214|216|208|212|218|217|215|207|204|219,1|1|1|0.97|0.95|0.94|0.91|0.9|0.86|0.83,13.3|12.2|6.7|9.9|9.2|7.7|6.3|9.2|5.1|5.9,-2108.58
PIE1_1867,3,11.5328,0.000011632944426207401,210,216|214|208|211|212|215|218|207|220|203,1|1|1|1|0.95|0.91|0.89|0.83|0.8|0.8,10.9|10.8|7.9|5.3|8.6|6.1|8.7|7.9|6.8|3.9,-2108.58
MN3_3344789,3,12.8799,1.3470411252982883,211,210|214|219|203|220|218|216|221|222|193,1|0.82|0.77|0.75|0.71|0.64|0.6|0.6|0.58|0.44,5.3|3.8|8|7.4|3.2|2.9|2.5|2.6|2.4|2.9,-2108.58
MN3_4470311,3,12.8799,0.00001153355798237348,208,210|209|207|216|220|214|212|217|215|218,1|1|1|1|1|1|1|1|0.93|0.88,7.9|6.7|4.5|4.1|3.9|3.9|3|2.6|18.8|3,-2108.58
NMSNP3-5091855,3,16.0417,3.161798350036011,207,208|203|204|212|206|209|216|214|205|210,1|1|1|0.9|0.9|0.9|0.89|0.88|0.83|0.83,4.5|4|3.9|3.3|9.2|9.2|20.2|20|19.2|7.9,-2108.58
MN3_5910420,3,18.9876,2.9459420256108997,204,206|207|205|212|217|203|87|200|197|209,1|1|1|1|1|1|1|0.93|0.86|0.86,8.1|3.9|3.8|3.3|2.6|1.9|1.4|18.7|5.2|5.1,-2108.58
MASC04409,3,19.46,0.47243022195715656,206,205|204|207|200|203|208|202|214|210|212,1|1|0.9|0.83|0.78|0.77|0.75|0.68|0.65|0.65,11.4|8.1|9.2|5.6|5|4.7|5.2|4.9|12.7|4.1,-2108.58
MASC04279,3,22.3697,2.909680343716683,205,206|202|212|204|217|195|191|200|208|207,1|1|1|1|1|0.91|0.9|0.89|0.87|0.83,11.4|4.5|4.2|3.8|3|3.7|3.5|3|2.8|19.2,-2108.58
MN3_7225496,3,23.3865,1.0167638996586326,200,197|196|199|191|194|202|203|193|217|204,1|1|1|1|1|1|1|1|1|0.93,8.4|7|6.5|3.1|2.7|2.4|2.3|2.2|1.8|18.7,-2108.58
MASC01672,3,26.26,2.873500151888108,203,197|207|202|200|198|204|196|199|188|205,1|1|1|1|1|1|0.9|0.84|0.83|0.83,8.9|4|3.6|2.3|2.2|1.9|6.3|4.4|4.7|2.1,-2108.58
MN3_7917701,3,26.5333,0.27334970460232694,198,197|196|199|191|194|202|203|200|201|190,1|1|1|1|1|1|1|0.93|0.88|0.88,8.3|8.2|7.3|4.6|4|3.6|2.2|17.3|14.7|2.9,-2108.58
MASC04053,3,27.3948,0.8614747851940406,197,202|203|200|198|201|191|195|204|193|205,1|1|1|1|1|0.94|0.87|0.86|0.86|0.83,11.2|8.9|8.4|8.3|5.3|7.8|7.7|5.2|6.7|7.7,-2108.58
MN3_8190264,3,27.3948,0.000011540801450471262,202,197|205|203|198|200|191|192|199|193|196,1|1|1|1|1|0.97|0.87|0.86|0.85|0.83,11.2|4.5|3.6|3.6|2.4|21.3|2.7|6.8|2.3|6.2,-2108.58
MN3_10382169,3,29.7755,2.380717879529301,201,197|200|198|187|204|190|208|215|163|191,1|0.9|0.88|0.88|0.74|0.64|0.54|0.54|0.44|0.43,5.3|10.5|14.7|11.1|7.6|2.9|4.1|4|3|1.7,-2108.58
MN3_8693286,3,31.3601,1.5845780496940205,191,199|196|198|193|192|200|187|202|195|197,1|1|1|1|1|1|1|0.97|0.94|0.94,10.7|9.8|4.6|3.8|3.8|3.1|3|21.3|21.8|7.8,-2108.58
NMSNP3-8447967,3,31.3601,0.000011510445967747489,199,196|191|198|200|194|195|202|203|190|205,1|1|1|1|0.96|0.95|0.86|0.84|0.84|0.76,30.3|10.7|7.3|6.5|9.2|8.3|6.8|4.4|7.9|5.6,-2108.58
MN3_8828575,3,31.7306,0.37043313867733635,196,199|191|195|198|193|200|194|203|190|202,1|1|1|1|1|1|0.95|0.9|0.89|0.83,30.3|9.8|9.8|8.2|7.3|7|8.9|6.3|8.7|6.2,-2108.58
MASC04510,3,32.2913,0.5607456138911693,195,196|192|193|118|189|199|191|194|205|95,1|1|1|1|0.95|0.95|0.94|0.91|0.91|0.88,9.8|4.1|4|2.9|8.3|8.3|21.8|21|3.7|2.9,-2108.58
MN3_9279089,3,33.0754,0.7840883848822237,194,189|198|193|192|200|199|196|195|191|188,1|1|1|1|1|0.96|0.95|0.91|0.91|0.89,10.4|4|4|3.7|2.7|9.2|8.9|21|20.5|6.2,-2108.58
MN3_9547648,3,33.7572,0.6817865108710355,193,196|188|195|194|191|200|285|189|192|197,1|1|1|1|1|1|1|0.95|0.92|0.86,7.3|4.2|4|4|3.8|2.2|2.1|8.2|16.5|6.7,-2108.58
MN3_9747529,3,34.0514,0.294243797964399,189,194|190|193|195|192|187|191|200|198|197,1|0.96|0.95|0.95|0.93|0.83|0.83|0.79|0.74|0.73,10.4|9.3|8.2|8.3|7.4|6.1|6|5|5|16.7,-2108.58
MN3_10055595,3,34.4315,0.38010664936986444,190,192|189|188|196|198|199|194|207|191|205,1|0.96|0.94|0.89|0.88|0.84|0.83|0.82|0.81|0.79,4.5|9.3|8.4|8.7|2.9|7.9|18.1|3.4|15.9|3,-2108.58
MASC02770,3,35.327,0.8954553325468722,192,188|190|195|191|194|178|189|193|202|197,1|1|1|1|1|1|0.93|0.92|0.87|0.82,5|4.5|4.1|3.8|3.7|2.8|7.4|16.5|2.7|5.7,-2108.58
NMSNP3-10995664,3,37.6838,2.356784688623557,188,192|193|190|194|203|187|191|196|186|199,1|1|0.94|0.89|0.83|0.75|0.75|0.73|0.71|0.7,5|4.2|8.4|6.2|4.7|5.1|4.4|15.9|3.8|13.2,-2108.58
MN3_11398208,3,39.6636,1.9798032261666303,187,191|212|217|373|201|358|189|183|185|178,1|1|1|1|0.88|0.85|0.83|0.8|0.8|0.8,3|2|1.9|1.9|11.1|2.3|6.1|1.9|1.8|1.7,-2108.58
MASC05049,3,46.8042,7.140626056954313,178,186|192|187|193|200|180|181|161|179|198,1|1|0.8|0.76|0.6|0.53|0.52|0.52|0.49|0.49,3.2|2.8|1.7|1.5|1.2|7.7|7.4|1.2|6.9|1,-2108.58
MN3_15880080,3,50.7746,3.9703943134987028,185,288|285|283|183|186|180|184|164|187|181,1|1|1|0.98|0.88|0.84|0.84|0.82|0.8|0.8,2.1|2.1|1.6|24.7|2.9|2.3|6.5|2|1.8|1.8,-2108.58
MN3_16176877,3,51.4032,0.6285761017062951,183,180|181|151|185|184|182|186|179|187|288,1|1|1|0.98|0.93|0.9|0.89|0.86|0.8|0.8,4.1|3.5|1.2|24.7|8|9.3|3.2|2.6|1.9|1.8,-2108.58
NMSNP3-15028196,3,51.4032,0.000011457909955957727,186,178|183|185|214|180|179|181|361|169|175,1|0.89|0.88|0.84|0.83|0.8|0.77|0.77|0.73|0.72,3.2|3.2|2.9|2.2|2|1.8|1.5|1.5|2.1|2.1,-2108.58
PERL0600074,3,54.4797,3.0765444352243962,179,181|180|182|184|183|177|186|374|176|185,1|0.97|0.9|0.88|0.86|0.83|0.8|0.77|0.61|0.61,26.8|23.8|6.3|8|2.6|6.2|1.8|1.6|3.8|1.3,-2108.58
NMSNP3-16553703,3,54.4797,0.000011604706605435628,180,182|183|179|181|185|186|184|363|177|170,1|1|0.97|0.97|0.84|0.83|0.81|0.8|0.71|0.64,8.7|4.1|23.8|23.4|2.3|2|7.1|1.7|4.6|3.6,-2108.58
PERL0600049,3,54.4798,0.000011587850605043203,181,179|182|183|180|184|177|185|186|190|171,1|1|1|0.97|0.95|0.8|0.8|0.77|0.69|0.63,26.8|7|3.5|23.4|8.9|5.4|1.8|1.5|1.8|3.8,-2108.58
MASC09041,3,58.9871,4.507340635238502,184,181|183|175|179|185|180|187|172|173|166,0.95|0.93|0.9|0.88|0.84|0.81|0.74|0.72|0.7|0.68,8.9|8|9.5|8|6.5|7.1|4.1|6.5|5.7|5.4,-2108.58
MN3_17767232,3,58.9871,0.000011556887242331456,182,180|181|183|179|175|185|186|174|173|172,1|1|0.9|0.9|0.82|0.74|0.71|0.7|0.66|0.65,8.7|7|9.3|6.3|6.1|5.9|4.6|3.9|3.9|4.4,-2108.58
MASC03176,3,63.5034,4.516317245952828,176,177|175|174|164|163|185|183|173|160|159,1|0.95|0.88|0.77|0.76|0.75|0.74|0.72|0.67|0.65,32.1|9.1|7.6|5.8|5.4|5.4|5.6|4.9|4.5|4.7,-2108.58
MN3_18590814,3,63.5034,0.000011631099378690457,177,176|175|174|173|179|181|183|180|164|185,1|1|0.88|0.84|0.83|0.8|0.73|0.71|0.7|0.69,32.1|10.7|7.6|6.3|6.2|5.4|5.1|4.6|4.2|4.2,-2108.58
NMSNP3-18980664,3,65.0249,1.5214363170723368,175,177|170|174|176|184|167|173|165|161|182,1|1|1|0.95|0.9|0.88|0.88|0.87|0.86|0.82,10.7|9.6|4.2|9.1|9.5|2.9|18.8|2.7|2.5|6.1,-2108.58
MN3_19283177,3,67.2861,2.2612048446968998,174,170|172|169|173|166|175|168|177|176|165,1|1|1|1|1|1|1|0.88|0.88|0.79,6.6|4.8|4.7|4.3|4.2|4.2|4.1|7.6|7.6|13.4,-2108.58
MASC03218,3,68.1324,0.8462914686309154,173,169|168|170|167|174|165|172|166|175|194,1|1|1|1|1|1|0.94|0.91|0.88|0.88,27.6|25.9|8.4|4.5|4.3|4.2|20.8|19.3|18.8|2.8,-2108.58
MASC04749,3,68.4926,0.3602793909534717,172,166|174|323|169|170|168|173|164|163|165,1|1|1|0.95|0.95|0.95|0.94|0.89|0.89|0.88,28.2|4.8|3.2|25|8.7|23.6|20.8|3.1|3.1|3,-2108.58
MASC07178,3,68.4927,0.000011599451473420145,170,169|168|175|173|174|172|166|165|163|164,1|1|1|1|1|0.95|0.93|0.85|0.78|0.71,11|11|9.6|8.4|6.6|8.7|7.8|5.1|5.7|5,-2108.58
MN3_20028297,3,68.4927,0.000011638213535462823,169,168|173|170|174|167|172|166|165|323|175,1|1|1|1|1|0.95|0.89|0.88|0.83|0.81,30.5|27.6|11|4.7|4.3|25|21.7|3|2.2|17.7,-2108.58
MASC04031,3,68.4927,0.000011635593806173106,168,169|173|170|174|167|172|166|165|323|175,1|1|1|1|1|0.95|0.89|0.86|0.84|0.79,30.5|25.9|11|4.1|3.9|23.6|21.6|2.6|2.3|16.2,-2108.58
MN3_20828994,3,71.5123,3.019611072416219,164,163|171|166|19|165|159|156|172|173|160,1|1|1|1|1|0.94|0.9|0.89|0.85|0.84,25.5|8|4.6|3|2.8|19.7|6|3.1|2.4|16.4,-2108.58
MN3_21127619,3,71.5123,0.000011532327511282414,163,164|166|358|165|19|171|172|156|159|173,1|1|1|1|1|0.89|0.89|0.89|0.88|0.84,25.5|4.5|3.2|2.9|2.9|5.9|3.1|5.7|17.8|2.3,-2108.58
MN3_20728619,3,71.5123,0.000011526380207905308,166,172|164|163|174|170|173|169|168|165|171,1|1|1|1|0.93|0.91|0.89|0.89|0.88|0.87,28.2|4.6|4.5|4.2|7.8|19.3|21.7|21.6|2.9|7.4,-2108.58
MN3_21632898,3,74.0682,2.5559111313204417,165,171|173|159|163|164|215|169|172|166|175,1|1|1|1|1|1|0.88|0.88|0.88|0.87,8.7|4.2|3.5|2.9|2.8|2.4|3|3|2.9|2.7,-2108.58
MASC02321,3,75.4336,1.3653429054424466,171,159|160|165|164|167|161|163|172|173|166,1|1|1|1|0.91|0.91|0.89|0.88|0.88|0.87,10|9.5|8.7|8|6.6|6.7|5.9|8|7.4|7.4,-2108.58
MN3_22316041,3,76.2281,0.7944935698902872,167,173|169|168|160|158|156|157|171|161|175,1|1|1|1|0.94|0.93|0.93|0.91|0.91|0.88,4.5|4.3|3.9|3.5|7.9|7.2|7.4|6.6|20.2|2.9,-2108.58
NMSNP3-21989468,3,76.2281,0.000011530782308953642,159,171|165|19|160|164|157|156|158|163|162,1|1|1|0.97|0.94|0.93|0.92|0.9|0.88|0.87,10|3.5|3.4|21|19.7|7.6|6.8|6.2|17.8|4.7,-2108.58
MN3_22843506,3,78.3328,2.1047695685803065,161,160|158|157|156|167|171|173|175|216|159,1|0.96|0.95|0.95|0.91|0.91|0.86|0.86|0.85|0.83,3.8|9.2|9|8.5|20.2|6.7|2.5|2.5|2.4|2.2,-2108.58
MASC04925,3,78.3329,0.000011481015825370437,158,156|160|157|162|161|167|159|166|164|163,1|1|0.98|0.98|0.96|0.94|0.9|0.87|0.82|0.8,32|9.7|29.1|19.9|9.2|7.9|6.2|7.4|5.7|5.4,-2108.58
MASC03109,3,78.7919,0.4590030142000783,156,158|160|157|162|161|167|159|164|163|165,1|1|0.98|0.97|0.95|0.93|0.92|0.9|0.89|0.75,32|9.5|29.4|18.9|8.5|7.2|6.8|6|5.7|5.3,-2108.58
MN3_23260905,3,79.6041,0.8122621778506506,160,157|158|171|156|162|161|167|19|159|172,1|1|1|1|1|1|1|1|0.97|0.87,10.3|9.7|9.5|9.5|8.5|3.8|3.5|3.2|21|2.7,-2108.58
GAr3_1381,3,80.718,1.1138287060252021,162,157|160|158|156|159|163|164|170|182|183,1|1|0.98|0.97|0.87|0.79|0.79|0.69|0.58|0.47,24.3|8.5|19.9|18.9|4.7|4.2|4.2|7.4|6.6|1.9,-2108.58
GAr3_3658,3,80.718,0.00001148359876844793,157,162|160|156|158|161|167|159|164|163|165,1|1|0.98|0.98|0.95|0.93|0.93|0.81|0.81|0.8,24.3|10.3|29.4|29.1|9|7.4|7.6|5.6|5.4|5.3,-2108.58
FRI_2343,4,0.,NA,293,295|296|294|297|292|288|344|291|289|282,1|1|1|1|0.96|0.9|0.87|0.85|0.78|0.78,10.8|3.8|3.7|1.7|9|17.8|2.7|6.4|5|4.7,-2011.89
MN4_48812OK,4,0.,0.000011547070800945655,297,295|291|292|296|294|129|126|122|293|288,1|1|1|1|1|1|1|1|1|1,9.9|9.7|8.3|3.4|3|2.2|2|1.8|1.7|1.1,-2011.89
NMSNP4-270272,4,0.,0.000011587623603655425,294,296|293|297|288|295|286|290|269|287|208,1|1|1|1|0.92|0.88|0.85|0.85|0.85|0.77,3.8|3.7|3|2.6|7.4|7.9|2.4|2.3|2.3|1.5,-2011.89
MASC02680,4,0.,0.000011482523294661014,295,293|287|296|297|288|292|294|291|290|284,1|1|1|1|1|0.96|0.92|0.91|0.91|0.89,10.8|10.8|10.4|9.9|9.8|28.6|7.4|25.7|8.7|5.3,-2011.89
FRI_725,4,0.,0.000011589153131397533,296,295|294|293|287|297|285|288|284|291|292,1|1|1|1|1|1|1|1|0.94|0.94,10.4|3.8|3.8|3.7|3.4|3.2|3|2.4|8.1|8.1,-2011.89
MASC02790,4,1.5249,1.5248358668090443,288,295|292|296|294|287|185|290|219|297|285,1|1|1|1|1|1|1|1|1|0.93,9.8|8.7|3|2.6|2.2|2.1|1.8|1.5|1.1|17,-2011.89
MASC05116,4,1.9859,0.46097894927087857,292,290|288|297|284|291|287|295|293|296|285,1|1|1|1|0.98|0.97|0.96|0.96|0.94|0.94,12|8.7|8.3|6.7|30.2|10|28.6|9|8.1|7.4,-2011.89
MASC04658,4,2.432,0.44617119156630736,290,291|292|286|129|126|288|285|284|287|295,1|1|1|1|1|1|1|1|1|0.91,13|12|8.3|3.1|2.9|1.8|1.7|1.3|21.1|8.7,-2011.89
GA1_5420,4,3.3127,0.8806551765886356,286,287|290|285|283|284|296|294|288|297|282,1|1|1|1|1|0.94|0.88|0.87|0.84|0.81,8.9|8.3|7.2|5.1|4.8|7.8|7.9|5|4.2|18.5,-2011.89
GA1_8429,4,3.3127,0.000011467684191573159,285,291|282|286|296|287|193|185|290|292|288,1|1|1|1|1|1|1|1|0.94|0.93,8.5|7.6|7.2|3.2|2.4|2.1|2.1|1.7|7.4|17,-2011.89
GA1_2963,4,3.437,0.12426547817388349,291,290|297|285|284|292|287|296|288|295|283,1|1|1|1|0.98|0.98|0.94|0.92|0.91|0.9,13|9.7|8.5|5.6|30.2|11.1|8.1|6.4|25.7|5.4,-2011.89
NMSNP4-1585200,4,4.0274,0.5904551187711685,287,295|286|296|126|285|284|283|288|290|291,1|1|1|1|1|1|1|1|1|0.98,10.8|8.9|3.7|3|2.4|2.4|2.3|2.2|21.1|11.1,-2011.89
MN4_2241604,4,7.4908,3.463332942034204,289,283|284|151|285|288|287|293|294|296|290,1|1|0.95|0.9|0.86|0.8|0.78|0.73|0.67|0.64,7.5|6.9|2.8|5.8|5|5.4|5|5.7|4.5|3.6,-2011.89
MASC04881,4,9.2645,1.7737811757077664,283,282|289|286|287|185|233|284|291|285|292,1|1|1|1|1|1|0.96|0.9|0.86|0.8,7.6|7.5|5.1|2.3|1.6|1.4|17.2|5.4|14.2|4.7,-2011.89
MASC09225,4,10.5885,1.3239477658023977,282,285|283|284|288|286|293|281|287|294|297,1|1|1|0.92|0.81|0.78|0.77|0.74|0.71|0.63,7.6|7.6|6.8|6.6|18.5|4.7|17.8|5.2|4.6|2.9,-2011.89
PERL0692204,4,10.5885,0.000011457978679098509,284,289|282|292|291|286|287|296|269|290|283,1|1|1|1|1|1|1|1|1|0.96,6.9|6.8|6.7|5.6|4.8|2.4|2.4|2|1.3|17.2,-2011.89
PERL0700458,4,14.3222,3.733703446908,281,282|283|287|278|280|274|284|276|286|277,0.77|0.77|0.65|0.64|0.64|0.61|0.6|0.56|0.56|0.54,17.8|3.5|4.1|13.1|2.9|6.1|2.5|2.9|10|9.8,-2011.89
MASC04672,4,17.4611,3.1388657136814135,280,279|275|269|262|265|140|143|276|344|266,1|1|1|1|1|1|1|1|0.81|0.77,7.7|4.6|3.1|2.7|1.4|1.2|1.2|1|1.9|4.5,-2011.89
MASC05017,4,21.895,4.43392858787202,278,276|277|262|274|265|269|281|258|271|261,0.85|0.85|0.74|0.73|0.72|0.66|0.64|0.64|0.63|0.62,4.6|20.4|5|9.2|4.6|4.3|13.1|3.5|4.4|3.6,-2011.89
MASC00122,4,24.3666,2.4716401769240974,279,280|271|269|262|270|272|266|275|276|264,1|0.97|0.95|0.94|0.88|0.77|0.73|0.71|0.66|0.63,7.7|10.1|8.9|8|7.4|4.3|16.5|14.2|3.1|3.7,-2011.89
MASC00093,4,24.3666,0.000011472637226434201,277,274|269|271|278|276|262|270|265|267|263,0.88|0.87|0.86|0.85|0.75|0.73|0.7|0.69|0.67|0.66,13.2|7.2|7|20.4|4.3|5.7|4.2|4.2|12.8|3.6,-2011.89
MASC03250,4,28.6088,4.2421400086027425,276,271|270|329|330|92|96|99|280|275|278,1|1|1|1|1|1|1|1|0.93|0.85,4|3.7|2.6|2.2|2.1|2|1.9|1|7|4.6,-2011.89
MN4_8177683,4,29.1003,0.49148933837280834,271,267|269|276|273|268|272|279|275|270|262,1|1|1|1|1|1|0.97|0.96|0.94|0.89,10.5|4.1|4|2.9|2.9|2.6|10.1|9.1|20|3,-2011.89
MN4_8789187,4,30.3669,1.2666525724071025,274,267|269|268|273|272|277|260|262|264|278,1|1|1|1|1|0.88|0.85|0.83|0.74|0.73,20.9|8.8|6.8|6.7|6.5|13.2|9.1|5.2|3.1|9.2,-2011.89
ESD4_1925,4,31.4018,1.0349063686567097,267,274|269|271|270|263|265|273|268|272|261,1|1|1|1|1|1|1|1|1|0.89,20.9|10.9|10.5|9.7|9.1|8.4|8.3|7.5|6.5|5.8,-2011.89
ESD4_1150,4,31.4018,0.000011613739974942658,270,275|267|269|276|273|268|272|271|265|262,1|1|1|1|1|1|1|0.94|0.89|0.88,11|9.7|3.9|3.7|2.7|2.4|2.3|20|3|2.8,-2011.89
MASC03269,4,31.8546,0.452792127464715,275,270|269|265|263|268|273|272|280|271|276,1|1|1|1|1|1|1|1|0.96|0.93,11|9.3|8.6|8.4|7.8|7.2|5.7|4.6|9.1|7,-2011.89
PHYD_1815,4,31.9951,0.1404308269200212,265,263|266|275|267|269|96|92|99|273|268,1|1|1|1|1|1|1|1|1|1,26.8|9.2|8.6|8.4|4.6|3.4|3.2|2.8|2.3|2.1,-2011.89
NMSNP4-9377790,4,31.9951,0.00001148030313200408,272,266|267|274|275|262|269|271|263|270|261,1|1|1|1|1|1|1|1|1|1,8.2|6.5|6.5|5.7|3.3|3.1|2.6|2.4|2.3|1.9,-2011.89
PHYD_3586,4,31.9951,0.000011522694437997689,268,273|275|267|274|269|271|270|263|265|272,1|1|1|1|1|1|1|1|1|0.97,23.1|7.8|7.5|6.8|3.8|2.9|2.4|2.4|2.1|19.2,-2011.89
PHYD_2806,4,31.9951,0.000011540283789013461,269,267|275|274|265|263|271|270|268|264|273,1|1|1|1|1|1|1|1|1|1,10.9|9.3|8.8|4.6|4.4|4.1|3.9|3.8|3.7|3.6,-2011.89
NMSNP4-9315210,4,32.3441,0.34900692528274546,273,268|267|275|274|269|271|270|263|265|272,1|1|1|1|1|1|1|1|1|0.96,23.1|8.3|7.2|6.7|3.6|2.9|2.7|2.6|2.3|19.2,-2011.89
MN4_9276346,4,32.3891,0.044970969983984276,263,265|266|267|275|269|273|96|272|268|92,1|1|1|1|1|1|1|1|1|1,26.8|9.3|9.1|8.4|4.4|2.6|2.6|2.4|2.4|2.4,-2011.89
MASC03263,4,35.5276,3.1384946804432405,266,262|261|263|265|272|264|269|275|270|273,1|1|1|1|1|0.94|0.93|0.91|0.84|0.84,10.8|9.6|9.3|9.2|8.2|7.8|7.7|23.7|7.9|6,-2011.89
MN4_10482087,4,36.7531,1.22551418762027,261,266|259|262|92|96|99|264|272|267|265,1|1|1|1|1|1|1|1|0.89|0.88,9.6|7.2|3.8|2.9|2.9|2.7|2.5|1.9|5.8|18.7,-2011.89
NMSNP4-10276307,4,36.7531,0.000011605539780332378,264,259|269|262|261|248|266|272|256|275|268,1|1|1|1|1|0.94|0.9|0.89|0.88|0.83,8.6|3.7|3.2|2.5|2|7.8|16.7|5.2|5.1|14.5,-2011.89
PHYE_2771,4,36.7531,0.00001157359927361858,262,266|257|261|272|264|249|280|260|251|254,1|1|1|1|1|1|1|1|0.95|0.94,10.8|4.3|3.8|3.3|3.2|2.9|2.7|15.9|7.9|7.3,-2011.89
NMSNP4-10977574,4,39.8407,3.0875858165766012,260,262|257|269|274|258|261|234|237|271|270,1|0.86|0.85|0.85|0.81|0.45|0.41|0.4|0.39|0.38,15.9|3.7|9.6|9.1|9|1.8|2.6|2.5|1.5|1.4,-2011.89
NMSNP4-11326190,4,41.7529,1.912197847480683,257,256|262|250|255|253|252|254|251|259|258,1|1|1|1|1|1|0.96|0.94|0.93|0.86,8.6|4.3|4.1|3.8|3.6|3.5|8.8|7.7|7.1|2.6,-2011.89
MASC04642,4,44.3386,2.5857287453849,255,253|259|256|254|251|257|258|248|249|252,1|1|1|1|1|1|1|1|1|0.97,22|10|9.7|6.9|6.5|3.8|3.3|2.6|2.2|21.1,-2011.89
MN4_11579839,4,44.3386,0.000011498509490056422,259,255|264|261|253|257|272|252|268|258|273,1|1|1|0.96|0.93|0.92|0.89|0.86|0.84|0.82,10|8.6|7.2|8.5|7.1|6.3|8.4|6.6|6.3|5.6,-2011.89
MN4_12195812,4,45.9482,1.6095290067804562,253,255|256|254|251|257|248|249|383|242|252,1|1|1|1|1|1|1|1|1|0.97,22|9.4|7.5|7.2|3.6|2.9|2.4|2|1.7|21.7,-2011.89
SLY1_2145,4,47.1923,1.2441677406720257,258,251|254|256|252|250|255|257|388|259|271,1|1|1|1|1|1|0.86|0.86|0.84|0.83,11.4|10.9|8.9|3.7|3.4|3.3|2.6|2.4|6.3|2.1,-2011.89
AGL24_2913,4,47.3992,0.20682734190999194,256,255|253|258|257|249|250|252|264|263|261,1|1|1|1|1|0.95|0.95|0.89|0.79|0.78,9.7|9.4|8.9|8.6|6.7|8.7|8.4|5.2|5|4.9,-2011.89
AGL24_59,4,47.3992,0.000011550916658474892,254,251|258|252|253|255|257|262|250|248|249,1|1|1|1|1|0.96|0.94|0.93|0.92|0.9,28.9|10.9|8.9|7.5|6.9|8.8|7.3|7.3|6.5|6,-2011.89
MN4_12326350,4,47.3992,0.000011596571008504486,251,254|258|252|253|255|262|248|257|250|247,1|1|1|1|1|0.95|0.95|0.94|0.92|0.89,28.9|11.4|8.2|7.2|6.5|7.9|8|7.7|6.8|5.4,-2011.89
MN4_13078471,4,48.7953,1.3961381385803546,252,254|251|248|258|257|249|250|253|255|256,1|1|1|1|1|1|0.98|0.97|0.97|0.95,8.9|8.2|3.8|3.7|3.5|2.1|24.2|21.7|21.1|8.4,-2011.89
MASC03074,4,50.5032,1.7078348981649678,250,257|248|258|249|252|256|247|253|255|254,1|1|1|1|0.98|0.95|0.94|0.94|0.93|0.93,4.1|3.5|3.4|2.7|24.2|8.7|19.6|19.5|18.9|7.3,-2011.89
MN4_13753532,4,50.5032,0.000011554360185840141,248,241|252|250|239|249|247|245|235|253|231,1|1|1|1|1|1|1|1|1|1,4.2|3.8|3.5|3.4|3.3|3.1|3|3|2.9|2.7,-2011.89
MN4_13576438,4,50.647,0.1438790729026809,249,256|240|248|262|250|253|247|255|252|254,1|1|1|1|1|1|1|1|1|0.9,6.7|3.9|3.3|2.9|2.7|2.4|2.3|2.2|2.1|6,-2011.89
MN4_14177230,4,53.3977,2.7507044536293446,247,243|240|238|248|249|233|250|245|251|252,1|1|1|1|1|1|0.94|0.93|0.89|0.84,7.7|3.8|3.2|3.1|2.3|2.2|19.6|19.3|5.4|16.1,-2011.89
MN4_14379736,4,54.4914,1.09360765152154,243,240|247|245|244|237|252|250|235|231|255,1|1|1|0.95|0.93|0.91|0.9|0.89|0.86|0.86,11.8|7.7|7.4|8.6|7.1|6.5|6|5.7|5.1|4.8,-2011.89
MN4_14732051,4,55.5659,1.0745689946944268,240,243|241|239|249|247|235|245|231|246|244,1|1|1|1|1|1|1|1|0.97|0.91,11.8|4.8|4.2|3.9|3.8|3.7|3.6|3.2|10.3|3.8,-2011.89
MASC03154,4,55.5659,0.000011615480053298755,245,243|240|238|248|233|247|246|251|244|241,1|1|1|1|1|0.93|0.93|0.89|0.86|0.86,7.4|3.6|3.1|3|1.9|19.3|7|5.1|2.6|16.4,-2011.89
MN4_14935855,4,56.4531,0.8871643239752732,246,244|240|237|238|245|250|228|247|249|253,1|0.97|0.96|0.96|0.93|0.92|0.82|0.8|0.78|0.77,13.6|10.3|9.6|9.1|7|6.9|5.7|5.2|4.8|4.5,-2011.89
VIN3L_4569,4,56.4531,0.000011615327778759433,244,246|243|237|240|238|250|245|228|227|249,1|0.95|0.92|0.91|0.88|0.88|0.86|0.85|0.84|0.84,13.6|8.6|22|3.8|3|2.9|2.6|2.5|2.3|2.3,-2011.89
MN4_15087653,4,57.5059,1.052783303996509,237,241|238|228|227|246|243|244|234|250|245,1|1|1|1|0.96|0.93|0.92|0.91|0.87|0.86,4.2|4|3.5|3.4|9.6|7.1|22|19.4|2.8|2.6,-2011.89
MASC03336,4,58.6604,1.154510882824359,241,240|234|237|248|233|239|238|226|245|228,1|1|1|1|1|0.94|0.88|0.87|0.86|0.86,4.8|4.3|4.2|4.2|3|22.4|2.9|2.5|16.4|2.5,-2011.89
MN4_15662175,4,58.8743,0.21393550704752176,234,241|238|228|227|237|242|243|271|249|229,1|1|1|1|0.91|0.83|0.83|0.83|0.82|0.81,4.3|4.1|3.2|3.1|19.4|2.2|6|2|2|6.8,-2011.89
MASC03998,4,59.7339,0.8595619438583508,239,240|238|248|233|241|227|226|228|235|243,1|1|1|1|0.94|0.88|0.88|0.87|0.84|0.81,4.2|4.1|3.4|3|22.4|2.9|2.7|2.6|16.5|5.8,-2011.89
MN4_15865150,4,59.7339,0.000011482778868897425,238,239|234|237|231|235|247|245|246|244|241,1|1|1|1|1|1|1|0.96|0.88|0.88,4.1|4.1|4|3.4|3.4|3.2|3.1|9.1|3|2.9,-2011.89
MN4_16383274,4,62.6107,2.876807548420999,235,231|229|227|228|240|238|248|233|242|243,1|1|1|1|1|1|1|1|1|0.89,23.4|8.1|3.9|3.7|3.7|3.4|3|2.7|2.3|5.7,-2011.89
MN4_16547251,4,63.1904,0.5796553209272399,231,235|229|227|228|238|240|248|242|233|230,1|1|1|1|1|1|1|1|1|0.94,23.4|8.4|3.7|3.4|3.4|3.2|2.7|2.6|2.5|19.8,-2011.89
MN4_16742072,4,63.1904,0.000011591290586111208,229,231|235|242|228|227|238|234|230|232|237,1|1|1|0.92|0.91|0.86|0.81|0.81|0.78|0.72,8.4|8.1|7.7|6.6|6.4|7.2|6.8|5.5|4.7|5.5,-2011.89
MN4_16888200,4,64.8898,1.6994549897237285,242,229|227|230|232|231|235|253|228|237|234,1|1|1|1|1|1|1|0.85|0.84|0.83,7.7|3.2|3.1|2.6|2.6|2.3|1.7|2.3|2.2|2.2,-2011.89
FD_1596,4,64.8899,0.000011488762049156971,230,228|227|242|233|231|232|235|238|240|229,1|1|1|1|0.94|0.87|0.87|0.83|0.82|0.81,3.9|3.9|3.1|2.8|19.8|17.4|16.9|2.1|2|5.5,-2011.89
NMSNP4-17038400,4,66.7777,1.887892602142134,227,232|235|230|231|237|242|234|226|228|229,1|1|1|1|1|1|1|1|0.97|0.91,4.1|3.9|3.9|3.7|3.4|3.2|3.1|3|22.1|6.4,-2011.89
MASC03594,4,68.077,1.2992766019651358,226,232|233|228|227|239|241|235|238|231|274,1|1|1|1|0.88|0.87|0.85|0.75|0.69|0.68,4|3.2|3.1|3|2.7|2.5|2.2|1.4|1.7|2.2,-2011.89
MN4_18371994,4,68.077,0.000011569261166911733,233,236|226|239|241|232|230|235|231|247|245,1|1|1|1|1|1|1|1|1|1,3.4|3.2|3|3|2.8|2.8|2.7|2.5|2.2|1.9,-2011.89
MASC09216,4,68.077,0.000011490008230063375,232,228|227|226|233|242|230|240|231|238|236,1|1|1|1|1|0.87|0.85|0.84|0.83|0.81,4.2|4.1|4|2.8|2.6|17.4|2.3|16.2|2.1|1.9,-2011.89
MN4_18560346,4,68.0771,0.000011514677198093917,236,233|228|237|227|232|234|242|238|226|259,1|1|0.83|0.81|0.81|0.8|0.72|0.6|0.58|0.58,3.4|3.3|2.1|1.9|1.9|1.8|11.3|1.2|1.1|3.1,-2011.89
MASC07250,4,68.0771,0.00001153903113586932,228,232|230|235|237|231|236|234|226|27|35,1|1|1|1|1|1|1|1|1|1,4.2|3.9|3.7|3.5|3.4|3.3|3.2|3.1|2.9|2.4,-2011.89
MN5_3330509,5,0.,NA,387,374|380|379|382|384|375|388|381|386|385,1|1|1|1|1|1|1|1|1|1,21.6|8.3|7.7|7.4|7.2|3.3|2.9|2.8|2.5|2.4,-2536.19
MN5_3281887,5,0.,0.000011607485560155703,374,387|380|382|379|384|375|370|388|381|385,1|1|1|1|1|1|1|1|1|1,21.6|8.4|6.7|6.3|6|3.4|3.1|3|2.9|2.4,-2536.19
MN5_2707605,5,0.7678,0.767745934092108,379,384|382|373|375|383|387|385|374|386|377,1|1|1|1|1|1|1|1|0.93|0.93,29.1|27.3|8.4|8.3|8|7.7|7.5|6.3|6.7|7,-2536.19
MN5_2808917,5,0.7678,0.00001155442546707673,384,379|382|375|373|385|383|387|374|377|359,1|1|1|1|1|1|1|1|0.94|0.94,29.1|29.1|9.8|9.5|8|7.3|7.2|6|8|8,-2536.19
MN5_2974376,5,0.7678,0.00001149012631122127,382,384|379|375|385|373|383|387|374|381|359,1|1|1|1|1|1|1|1|0.95|0.95,29.1|27.3|10.1|8.4|7.7|7.6|7.4|6.7|8.7|7.9,-2536.19
MN5_3200509,5,0.7678,0.000011581512964179219,381,375|378|385|388|383|336|374|372|387|382,1|1|1|1|1|1|1|1|1|0.95,24.1|8.8|3.3|3.2|3.1|3|2.9|2.9|2.8|8.7,-2536.19
FLC_7207,5,0.7678,0.000011630802261143374,375,381|380|382|384|378|379|383|374|385|387,1|1|1|1|1|1|1|1|1|1,24.1|10.1|10.1|9.8|8.8|8.3|3.5|3.4|3.3|3.3,-2536.19
FLC_3312,5,0.7678,0.00001155473061261155,380,373|375|388|385|374|387|383|359|381|372,1|1|1|1|1|1|1|0.96|0.94|0.88,10.3|10.1|9.9|8.5|8.4|8.3|8.1|9.1|7.9|5.2,-2536.19
MN5_3498141,5,0.7678,0.000011507793438026615,388,385|380|373|375|381|383|374|387|372|369,1|1|1|1|1|1|1|1|1|1,21.8|9.9|3.2|3.2|3.2|3.1|3|2.9|2.7|2.6,-2536.19
FLC_2775,5,0.7678,0.000011467965702272833,385,388|380|382|384|379|375|381|373|383|377,1|1|1|1|1|1|1|1|1|1,21.8|8.5|8.4|8|7.5|3.3|3.3|3.1|2.5|2.5,-2536.19
MN5_2244867,5,0.7678,0.000011525272216299119,383,380|379|382|384|359|377|375|386|381|388,1|1|1|1|1|1|1|1|1|1,8.1|8|7.6|7.3|4.5|3.7|3.5|3.1|3.1|3.1,-2536.19
MASC04531,5,1.3793,0.6114769745649499,373,380|384|379|382|359|377|388|375|368|385,1|1|1|1|1|1|1|1|1|1,10.3|9.5|8.4|7.7|4.1|4.1|3.2|3.2|3.2|3.1,-2536.19
MN5_1154885,5,3.002,1.6226507192529562,386,378|377|368|383|387|374|150|132|153|379,1|1|1|1|1|1|1|1|1|0.93,9.3|3.8|3.4|3.1|2.5|2.4|2.3|1.5|1.5|6.7,-2536.19
MN5_1399959,5,3.0115,0.009483001422186998,377,373|386|383|385|382|384|359|379|378|380,1|1|1|1|0.94|0.94|0.93|0.93|0.93|0.87,4.1|3.8|3.7|2.5|7.6|8|20|7|6.7|7.5,-2536.19
MN5_428961,5,3.6614,0.6499217220142047,378,376|386|375|381|385|377|370|359|388|383,1|1|1|1|0.94|0.93|0.83|0.83|0.78|0.75,9.5|9.3|8.8|8.8|7.3|6.7|5.8|5.9|5.9|4,-2536.19
NMSNP5-476785,5,3.6614,0.000011487030750278312,376,378|368|374|132|386|388|385|380|366|212,1|1|1|1|0.93|0.87|0.86|0.84|0.82|0.82,9.5|4|1.6|1.4|18.4|2.6|2.3|6|1.9|1.9,-2536.19
MN5_4318365,5,7.8761,4.214689566232717,372,371|370|375|381|388|374|367|369|387|380,1|1|1|1|1|0.93|0.9|0.9|0.9|0.88,7.7|2.9|2.9|2.9|2.7|17.8|5.9|16.8|16.4|5.2,-2536.19
MN5_4010649,5,8.9031,1.0269672135643015,370,371|367|368|374|372|337|366|375|381|362,1|1|1|1|1|1|1|0.97|0.93|0.9,9.4|9|3.3|3.1|2.9|2.9|2.6|21.1|19.3|6.1,-2536.19
MN5_4820535,5,11.6777,2.774616431234881,371,370|368|372|366|369|367|381|375|374|388,1|1|1|1|1|1|0.92|0.92|0.88|0.85,9.4|9.3|7.7|7.3|7.2|26.5|6.5|6.5|5|6.2,-2536.19
MN5_5005750,5,12.5214,0.8436946022735798,368,371|357|358|376|386|370|350|373|369|367,1|1|1|1|1|1|1|1|1|0.92,9.3|4.3|4.1|4|3.4|3.3|3.2|3.2|2.2|6.7,-2536.19
MASC01137,5,13.2859,0.7645164249595059,369,367|371|364|388|368|385|366|372|363|360,1|1|1|1|1|1|1|0.9|0.88|0.86,7.3|7.2|6.9|2.6|2.2|1.8|1.3|16.8|14.2|5,-2536.19
CO_347,5,13.2859,0.000011467649330207708,367,370|369|366|371|368|381|375|372|359|373,1|1|1|1|0.92|0.92|0.91|0.9|0.84|0.77,9|7.3|6.8|26.5|6.7|6.5|6.3|5.9|6.1|4.2,-2536.19
MASC01586,5,14.7361,1.4501998225299304,364,369|360|357|358|361|363|366|374|381|375,1|0.98|0.96|0.95|0.94|0.94|0.9|0.89|0.83|0.83,6.9|27.3|8.6|7.9|7.4|6.8|5.7|5|5.9|5.7,-2536.19
TFL2_1199,5,15.642,0.9059585765617261,360,363|364|361|358|366|357|369|353|368|354,1|0.98|0.95|0.95|0.9|0.89|0.86|0.85|0.81|0.74,8.6|27.3|8.7|8.9|6|8.3|5|6.7|5.6|5.3,-2536.19
MN5_5726284,5,15.6421,0.000011582544661510641,363,360|361|354|366|364|362|369|352|353|370,1|1|1|1|0.94|0.9|0.88|0.86|0.86|0.82,8.6|3.1|2.8|1.8|6.8|5.2|14.2|4.6|2.5|1.9,-2536.19
MASC01538,5,16.7925,1.1504382268249003,366,362|371|367|357|358|361|370|373|363|369,1|1|1|1|1|1|1|1|1|1,10.7|7.3|6.8|3.9|3.9|3.2|2.6|2.3|1.8|1.3,-2536.19
MASC03207,5,19.0863,2.293817235121737,359,383|373|342|375|380|382|384|377|379|340,1|1|1|0.97|0.96|0.95|0.94|0.93|0.92|0.88,4.5|4.1|3.5|21.1|9.1|7.9|8|20|6.5|2.9,-2536.19
MASC07384,5,21.4477,2.361354306951253,365,355|356|357|363|358|372|369|374|387|350,0.99|0.95|0.86|0.69|0.67|0.57|0.57|0.5|0.47|0.46,12.6|12.3|3.3|5.1|2.5|3.9|3.5|2.9|2.8|1.8,-2536.19
MASC04986,5,23.4239,1.976269360113709,362,366|361|358|357|356|355|368|363|370|354,1|1|1|1|0.97|0.96|0.9|0.9|0.9|0.81,10.7|9.5|8.7|8.7|10.1|8.6|8.4|5.2|6.1|5.9,-2536.19
MASC02568,5,23.424,0.000011585193625001429,358,357|362|368|356|361|366|163|355|360|364,1|1|1|1|1|1|1|1|0.95|0.95,24.7|8.7|4.1|4|3.9|3.9|3.2|3.2|8.9|7.9,-2536.19
NMSNP5-6222282,5,23.424,0.000011581927284687066,361,362|358|366|363|360|364|356|357|355|369,1|1|1|1|0.95|0.94|0.9|0.88|0.87|0.82,9.5|3.9|3.2|3.1|8.7|7.4|3.3|2.7|2.7|2,-2536.19
MN5_7004457,5,23.978,0.5540162503309676,356,357|358|362|355|365|361|354|214|351|353,1|1|0.97|0.97|0.95|0.9|0.9|0.85|0.78|0.75,4.2|4|10.1|20.1|12.3|3.3|3.3|2.4|4.8|2.3,-2536.19
MN5_6523351,5,23.978,0.000011627906584052362,357,358|362|368|356|366|355|89|364|360|361,1|1|1|1|1|1|1|0.96|0.89|0.88,24.7|8.7|4.3|4.2|3.9|3.2|2.6|8.6|8.3|2.7,-2536.19
MN5_6820592,5,23.978,0.000011603184669116445,355,353|354|358|357|365|356|362|361|352|363,1|1|1|1|0.99|0.97|0.96|0.87|0.75|0.7,4.4|4.1|3.2|3.2|12.6|20.1|8.6|2.7|4.1|9.7,-2536.19
RAX1_313,5,29.5433,5.565330607485292,354,355|363|356|353|385|362|366|360|357|368,1|1|0.9|0.88|0.83|0.81|0.79|0.74|0.73|0.71,4.1|2.8|3.3|19.9|2|5.9|1.8|5.3|2.1|2,-2536.19
NMSNP5-8894884,5,32.2231,2.679729515296018,353,355|350|351|352|354|357|363|360|358|364,1|1|0.92|0.9|0.88|0.86|0.86|0.85|0.85|0.79,4.4|3.2|7.1|8.4|19.9|2.5|2.5|6.7|2.3|4.9,-2536.19
NMSNP5-9105484,5,33.4244,1.201308191280947,350,368|353|351|366|352|349|354|356|357|362,1|1|0.97|0.77|0.75|0.71|0.71|0.65|0.65|0.62,3.2|3.2|9.7|1.6|5.2|12.5|1.9|1.5|10|3.3,-2536.19
GAr1_504,5,35.8664,2.4420531219652157,351,350|349|353|348|357|356|358|354|355|372,0.97|0.96|0.92|0.83|0.79|0.78|0.68|0.66|0.65|0.49,9.7|9.2|7.1|5.5|5.7|4.8|4.3|4.5|3|2,-2536.19
MASC03158,5,36.425,0.5586118325336932,352,349|353|363|350|355|356|354|357|348|346,0.96|0.9|0.86|0.75|0.75|0.72|0.61|0.58|0.52|0.5,9.7|8.4|4.6|5.2|4.1|4.6|4.4|3.1|2.7|2.5,-2536.19
MN5_10525862,5,38.5798,2.154806522192858,349,345|352|351|350|348|347|353|362|357|344,1|0.96|0.96|0.71|0.69|0.62|0.54|0.4|0.34|0.29,2.2|9.7|9.2|12.5|11.4|4|1.3|1.8|4.7|4.4,-2536.19
NMSNP5-13614560,5,47.3411,8.761232281460972,348,346|340|336|351|337|342|347|349|332|341,1|1|1|0.83|0.81|0.79|0.79|0.69|0.63|0.59,3.9|3.7|3.1|5.5|1.9|1.7|5.9|11.4|3.4|3,-2536.19
NMSNP5-14303707,5,51.0488,3.707757283150284,346,347|348|336|345|383|341|334|337|339|352,1|1|0.84|0.75|0.69|0.66|0.62|0.58|0.54|0.5,9|3.9|2.2|12|1|3.7|1.3|1.1|3.5|2.5,-2536.19
NMSNP5-15065196,5,52.4234,1.3745591236655086,347,346|345|343|348|328|349|344|339|326|338,1|0.9|0.82|0.79|0.66|0.62|0.59|0.54|0.54|0.53,9|5.7|5.8|5.9|2.9|4|4.6|9.2|2.7|2.6,-2536.19
MN5_16368332,5,56.6198,4.196371504114082,343,11|345|263|336|347|115|338|344|339|341,1|1|0.86|0.83|0.82|0.79|0.75|0.72|0.69|0.65,3|2.8|2.5|2.1|5.8|1.7|12.2|2.1|5.4|4.2,-2536.19
ERA1_470,5,56.6198,0.000011629563586696566,345,344|343|349|338|347|13|346|339|3|336,1|1|1|1|0.9|0.85|0.75|0.69|0.68|0.68,4.1|2.8|2.2|1.5|5.7|2.4|12|4.4|1.7|1.7,-2536.19
MASC03128,5,60.8898,4.2700221761585135,344,341|339|340|336|338|345|342|337|293|280,1|1|1|1|1|1|0.92|0.89|0.87|0.81,12.7|8.3|5.9|4.5|4.2|4.1|3.8|3.1|2.7|1.9,-2536.19
MN5_16964744,5,60.8898,0.000011574329932614649,336,341|339|344|331|348|375|381|96|338|340,1|1|1|1|1|1|1|1|1|0.86,12|7.7|4.5|3.2|3.1|3.1|3|2.8|2.2|18.7,-2536.19
MN5_17569666,5,61.9933,1.1035418545609248,341,340|344|336|342|337|338|331|335|334|345,1|1|1|1|1|1|0.85|0.8|0.74|0.66,13.2|12.7|12|11.7|10.8|7.9|6.8|20.4|6|3.9,-2536.19
MASC02450,5,61.9934,0.000011521000361899308,338,339|341|333|344|334|340|337|342|336|345,1|1|1|1|1|1|1|1|1|1,11.3|7.9|5.1|4.2|3.1|3.1|2.8|2.8|2.2|1.5,-2536.19
PNH_348,5,61.9934,0.000011619117244169123,339,338|340|337|344|342|336|334|328|326|343,1|1|1|1|1|1|0.9|0.72|0.71|0.69,11.3|8.8|8.7|8.3|8.1|7.7|6.4|4.1|5|5.4,-2536.19
NMSNP5-18258766,5,63.9953,2.0018915445435463,342,340|337|341|339|331|318|315|153|359|150,1|1|1|1|1|1|1|1|1|1,28.5|25|11.7|8.1|4.4|3.9|3.8|3.5|3.5|3.3,-2536.19
MASC01056,5,63.9953,0.000011570417288049046,337,340|342|341|339|331|370|338|153|150|317,1|1|1|1|1|1|1|1|1|1,27.4|25|10.8|8.7|3.6|2.9|2.8|2.3|1.8|1.6,-2536.19
MN5_18166799,5,63.9953,0.000011490630355843203,340,342|337|341|339|344|331|348|153|338|150,1|1|1|1|1|1|1|1|1|1,28.5|27.4|13.2|8.8|5.9|4.7|3.7|3.2|3.1|3.1,-2536.19
MN5_19124078,5,67.5182,3.5229452062161513,335,331|334|340|342|337|336|341|328|324|344,1|0.97|0.9|0.87|0.85|0.85|0.8|0.74|0.73|0.71,11.4|10.5|9|7.8|6.8|6.8|20.4|4.9|6.7|6.2,-2536.19
MN5_19316033,5,68.5158,0.9975977209247722,334,332|331|338|317|335|333|339|315|318|327,1|1|1|1|0.97|0.96|0.9|0.89|0.88|0.87,13.4|4.9|3.1|2.2|10.5|9.2|6.4|3.1|3|7.5,-2536.19
MN5_19415082,5,68.5158,0.000011640670705921918,332,334|340|333|342|337|331|324|322|336|330,1|0.98|0.97|0.97|0.97|0.94|0.82|0.81|0.79|0.79,13.4|11.3|25.6|10.4|9.6|8.3|7.1|6.5|6.3|5,-2536.19
MN5_19503546,5,69.4299,0.9140218331746013,333,330|323|338|332|334|331|329|340|342|337,1|1|1|0.97|0.96|0.95|0.9|0.89|0.88|0.87,8.4|5.3|5.1|25.6|9.2|8|6.1|8.4|7.9|7.2,-2536.19
MASC01039,5,70.3483,0.9184590379171054,331,335|327|324|334|340|320|322|342|326|337,1|1|1|1|1|1|1|1|1|1,11.4|9.5|5.3|4.9|4.7|4.7|4.5|4.4|3.7|3.6,-2536.19
MN5_20318139,5,70.5624,0.21407919072025755,328,331|330|323|334|326|325|299|310|315|318,1|1|1|0.85|0.84|0.83|0.82|0.8|0.8|0.78,2.6|1.9|1.2|2.4|15.2|4.3|2|5|1.8|1.7,-2536.19
MN5_20021652,5,72.7302,2.1677590552583985,330,333|276|328|329|323|334|327|112|111|318,1|1|1|0.91|0.86|0.85|0.84|0.83|0.81|0.81,8.4|2.2|1.9|20.3|14.8|2.5|6.2|2.1|1.9|1.9,-2536.19
NMSNP5-20915321,5,74.5912,1.8609907019035716,329,276|327|330|323|333|334|261|265|332|325,1|0.95|0.91|0.91|0.9|0.86|0.83|0.8|0.75|0.75,2.6|8.9|20.3|18.8|6.1|2.5|2.1|1.9|4.8|5.4,-2536.19
MN5_21039080,5,75.3423,0.7511184153981703,327,331|329|323|326|334|322|318|340|342|330,1|0.95|0.92|0.9|0.87|0.86|0.86|0.86|0.85|0.84,9.5|8.9|6.6|6.3|7.5|7.1|7|7.2|6.5|6.2,-2536.19
NMSNP5-21319032,5,76.1146,0.7723226172246329,326,325|331|323|321|327|318|299|328|324|319,1|1|1|0.9|0.9|0.87|0.84|0.84|0.78|0.74,8.2|3.7|1.7|18.2|6.3|2.7|2.3|15.2|2.7|5.8,-2536.19
NMSNP5-21881254,5,76.7326,0.6179917465181529,323,325|333|172|306|302|303|326|313|300|301,1|1|1|1|1|1|1|1|1|1,7.2|5.3|3.2|2.2|2|1.8|1.7|1.6|1.6|1.5,-2536.19
MN5_22116737,5,76.7828,0.050218745786552325,325,326|323|321|324|320|322|334|318|331|315,1|1|1|0.97|0.96|0.95|0.87|0.87|0.87|0.86,8.2|7.2|6.5|11|10.1|9|7.3|7.6|7.3|7.3,-2536.19
MN5_22414731,5,78.334,1.551196436047327,321,325|320|324|322|38|323|326|319|318|331,1|1|1|1|1|1|0.9|0.86|0.84|0.81,6.5|4.4|3.9|3.2|1.7|1.2|18.2|6.5|2.3|1.9,-2536.19
MN5_22627502,5,79.4202,1.0862370111023092,324,315|318|331|321|325|320|322|319|332|327,1|1|1|1|0.97|0.89|0.84|0.84|0.82|0.82,5.6|5.5|5.3|3.9|11|21.5|17.4|6.6|7.1|7.3,-2536.19
VIN3_300,5,82.1549,2.734616919002375,320,322|315|318|331|321|317|325|319|324|307,1|1|1|1|1|1|0.96|0.96|0.89|0.84,28.1|5.6|5.4|4.7|4.4|3.7|10.1|9.9|21.5|2.2,-2536.19
VIN3_2713,5,82.1549,0.000011521455059784202,322,320|318|315|331|321|317|325|319|313|327,1|1|1|1|1|1|0.95|0.94|0.86|0.86,28.1|5|4.8|4.5|3.2|3.2|9|7.8|2.6|7.1,-2536.19
MN5_23413242,5,83.3666,1.2117105885626767,319,318|315|313|320|322|317|321|324|306|323,1|1|0.97|0.96|0.94|0.92|0.86|0.84|0.82|0.81,8.1|6.6|10.7|9.9|7.8|6.5|6.5|6.6|7|5.1,-2536.19
MN5_23722677,5,83.9645,0.5979492864248694,317,308|320|322|318|315|306|313|302|334|300,1|1|1|1|1|1|1|1|1|1,5.2|3.7|3.2|2.8|2.7|2.6|2.4|2.2|2.2|2.1,-2536.19
MASC01063,5,83.9645,0.000011633701916710528,313,318|315|317|304|309|323|319|312|306|303,1|1|1|1|1|1|0.97|0.96|0.94|0.9,4|3.8|2.4|2.3|2|1.6|10.7|14.6|20.6|17.3,-2536.19
NMSNP5-23815532,5,84.9968,1.0322796649483796,318,315|319|324|320|322|302|306|313|342|300,1|1|1|1|1|1|1|1|1|1,28.8|8.1|5.5|5.4|5|4.2|4.1|4|3.9|3.7,-2536.19
MN5_24131319,5,84.9968,0.000011470631777653217,315,318|319|324|320|322|302|300|306|313|342,1|1|1|1|1|1|1|1|1|1,28.8|6.6|5.6|5.6|4.8|4.3|4|4|3.8|3.8,-2536.19
CDF1_1519,5,90.2641,5.267286139546106,312,300|301|302|311|303|306|313|321|328|318,1|1|1|1|1|0.96|0.96|0.66|0.61|0.58,18.7|18|17.1|3.6|15|14.9|14.6|6|5.1|2.6,-2536.19
MN5_26380009,5,90.2641,0.000011491536847476298,316,299|318|315|319|305|324|331|320|314|322,1|0.87|0.82|0.8|0.73|0.71|0.68|0.63|0.53|0.43,5.4|10.8|9.4|2.9|4.1|3.7|6|3.7|8.8|1.9,-2536.19
MN5_26220737,5,92.7114,2.4472273504738595,310,305|318|299|300|302|301|303|306|328|315,0.95|0.92|0.91|0.88|0.88|0.87|0.84|0.81|0.8|0.8,9.5|7.3|6.8|7.8|7.6|7.2|6|6.7|5|5.5,-2536.19
MN5_26877341,5,92.7114,0.00001159644899693563,314,305|299|318|315|307|331|313|302|306|300,1|0.95|0.89|0.8|0.79|0.65|0.64|0.64|0.62|0.61,11.2|8.4|8.1|6.4|4.8|4.1|3.1|3.1|3.2|2.8,-2536.19
MN5_26029439,5,93.1191,0.4077101299670657,307,311|298|299|302|308|305|304|320|309|314,1|1|1|1|0.88|0.88|0.87|0.84|0.81|0.79,9|8.5|3.7|2.2|5.3|2.8|17|2.2|12.7|4.8,-2536.19
CDF1_696,5,93.9342,0.8151644498893414,308,301|300|304|317|309|299|303|302|318|315,1|1|1|1|1|0.95|0.94|0.93|0.9|0.88,10.5|10.2|7.4|5.2|5.2|8.6|7.8|7.4|9.1|8.3,-2536.19
ELF5_3032,5,94.6827,0.7484733898343225,301,300|312|298|308|299|315|318|304|309|317,1|1|1|1|1|1|1|1|1|1,23.8|18|11|10.5|3.8|3.3|3.3|2.6|2.1|1.9,-2536.19
MN5_25819956,5,94.6827,0.000011640635394858627,299,298|316|309|304|300|301|307|305|314|308,1|1|1|1|1|1|1|0.97|0.95|0.95,10|5.4|4.3|4.3|4.1|3.8|3.7|24|8.4|8.6,-2536.19
ELF5_1789,5,94.6827,0.000011604420558135933,304,298|311|308|299|301|300|302|303|313|309,1|1|1|1|1|1|1|1|1|1,10.9|10.1|7.4|4.3|2.6|2.6|2.6|2.5|2.3|20.8,-2536.19
CDF1_2448,5,94.6827,0.00001152136622151354,298,300|301|304|309|299|307|311|302|306|303,1|1|1|1|1|1|0.98|0.96|0.96|0.95,11.3|11|10.9|10.4|10|8.5|8|9.4|9|7.9,-2536.19
NMSNP5-24996685,5,95.4911,0.8083764714954536,309,298|311|308|299|315|303|318|301|302|313,1|1|1|1|1|1|1|1|1|1,10.4|10.2|5.2|4.3|2.7|2.2|2.1|2.1|2|2,-2536.19
MASC07297,5,95.4911,0.000011462308907187327,300,302|301|303|312|298|308|305|299|315|318,1|1|1|1|1|1|1|1|1|1,25.8|23.8|23.5|18.7|11.3|10.2|4.8|4.1|4|3.7,-2536.19
BFT_297,5,95.9712,0.4800996109097497,311,309|304|307|312|298|317|315|318|323|329,1|1|1|1|0.98|0.86|0.86|0.85|0.52|0.43,10.2|10.1|9|3.6|8|6.5|5.5|5.4|2.8|2.8,-2536.19
MN5_26438023,5,96.0351,0.06389413477601463,305,314|300|302|303|299|310|301|304|308|307,1|1|1|1|0.97|0.95|0.9|0.88|0.88|0.88,11.2|4.8|4.4|4.4|24|9.5|3.5|2.9|8.1|2.8,-2536.19
MN5_24832902,5,96.0351,0.000011461836221851779,303,302|300|305|315|318|304|309|317|323|312,1|1|1|1|1|1|1|1|1|1,25.4|23.5|4.4|3.7|3.4|2.5|2.2|2|1.8|15,-2536.19
REV_596,5,96.0352,0.000011616201655404526,306,318|315|317|323|301|303|312|298|302|300,1|1|1|1|0.97|0.97|0.96|0.96|0.94|0.94,4.1|4|2.6|2.2|22.2|20.9|14.9|9|21.7|21.5,-2536.19
MASC01180,5,96.0352,0.000011612530210927804,302,300|303|312|305|315|318|304|307|317|309,1|1|1|1|1|1|1|1|1|1,25.8|25.4|17.1|4.4|4.3|4.2|2.6|2.2|2.2|2,-2536.19
MN2_14406873,ungrouped,NA,NA,389,NA,NA,NA,NA