MarkerID_minLodClustering2.664_minLodOrdering2.664,LinkageGroupNo,Position(cM),InterMarkerFraction,MarkerNo,NearestNeighbor,NeighborSimilarity,NeighborLod
BKN118,1,0,NA,1,9|6|10|2|4|7|3|5|11|18,1|1|1|0.97|0.95|0.92|0.91|0.87|0.86|0.85,13.5|11.7|8.8|23.8|23.6|7.6|20.5|7.5|2.5|2.4
CRY2_1021,1,0.8122777353350806,0.02209,2,4|6|10|1|12|9|11|7|3|8,1|1|1|0.97|0.9|0.89|0.87|0.87|0.84|0.8,25.9|10.8|10.5|23.8|3.2|8.5|2.7|7.5|18|15.5
MN1_112907,1,5.536876629992388,0.12184,3,9|5|7|6|1|36|2|370|4|11,1|1|1|0.95|0.91|0.85|0.84|0.84|0.82|0.82,12.8|11.1|9.9|8.8|20.5|2.2|18|2.2|17.1|1.9
MN1_1602026,1,11.103043820554987,0.14193,4,2|6|10|12|1|8|18|24|9|11,1|1|1|1|0.95|0.89|0.87|0.85|0.84|0.84,25.9|11.9|9|4.2|23.6|20.7|2.7|2.3|8.5|2.3
MN1_29291,1,16.990583887596312,0.14948,5,3|6|1|4|2|16|14|19|8|15,1|0.93|0.87|0.81|0.78|0.73|0.59|0.58|0.56|0.52,11.1|26.5|7.5|7|6.1|3.9|4|3.6|3.6|10
MN1_444820,1,18.92590999339222,0.05183,6,4|1|2|3|5|8|12|16|14|15,1|1|1|0.95|0.93|0.85|0.66|0.66|0.65|0.6,11.9|11.7|10.8|8.8|26.5|6.8|4.3|3.6|4.4|12.2
MN1_197787,1,74.76700036755152,0.78468,7,3|11|1|2|10|13|14|4|21|8,1|0.97|0.92|0.87|0.86|0.77|0.76|0.74|0.71|0.62,9.9|9.8|7.6|7.5|21.3|5.1|6.5|5.6|4.8|4.1
MN1_2696683,1,87.57941817794759,0.29696,8,11|12|18|10|4|6|15|2|13|1,1|1|1|0.91|0.89|0.85|0.83|0.8|0.79|0.76,4.3|3.6|3.6|6.6|20.7|6.8|6.2|15.5|15.6|15.5
MN1_592863,1,95.56396095748157,0.19714,9,1|3|2|4|8|16|12|19|11|18,1|1|0.89|0.84|0.75|0.6|0.6|0.56|0.54|0.51,13.5|12.8|8.5|8.5|6.4|3.1|3.5|3.4|3|3.2
AXR1_381,1,151.40505133164086,0.78468,10,2|4|1|16|11|8|7|19|13|21,1|1|1|1|0.97|0.91|0.86|0.84|0.81|0.8,10.5|9|8.8|4.5|10.3|6.6|21.3|4.9|5.9|5.8
MN1_2547756,1,152.17681992988184,0.021,11,21|8|13|19|16|343|10|7|14|2,1|1|1|1|1|1|0.97|0.97|0.95|0.87,4.3|4.3|3.7|3.5|3.2|3|10.3|9.8|23.3|2.7
MN1_2991816,1,208.01791030404115,0.78468,12,20|13|4|8|14|16|15|18|2|21,1|1|1|1|1|1|0.94|0.91|0.9|0.88,7.3|4.5|4.2|3.6|3.3|2.5|7.8|19.9|3.2|2.8
MN1_3229670,1,208.01791030404115,0.,13,12|11|14|18|21|345|17|10|20|15,1|1|0.9|0.89|0.89|0.85|0.83|0.81|0.8|0.79,4.5|3.7|3.4|3.2|20.7|2.4|10.4|5.9|6.6|6.4
PHYA_924,1,210.9682425367165,0.07793,14,12|19|16|11|21|13|15|36|7|10,1|1|1|0.95|0.9|0.9|0.85|0.81|0.76|0.76,3.3|3.1|2.7|23.3|3.4|3.4|7.2|1.9|6.5|6.3
MN1_3678711,1,215.45016866396793,0.11596,15,18|21|19|16|12|14|8|13|4|11,1|1|1|1|0.94|0.85|0.83|0.79|0.73|0.7,10.9|10.9|9.5|8|7.8|7.2|6.2|6.4|5.9|5.2
MN1_4096221,1,215.45016866396793,0.,16,19|15|20|10|21|11|35|18|14|12,1|1|1|1|1|1|1|1|1|1,23.8|8|7.4|4.5|3.3|3.2|3|2.9|2.7|2.5
MN1_4569396,1,271.29125903812724,0.78468,17,21|13|8|29|4|2|1|24|27|23,0.92|0.83|0.73|0.72|0.67|0.59|0.57|0.51|0.49|0.49,20.6|10.4|7.6|8.3|6.8|4.9|4.7|2.2|2.2|2
MN1_3398242,1,295.9372982570961,0.49225,18,15|20|21|8|16|12|13|4|19|1,1|1|1|1|1|0.91|0.89|0.87|0.86|0.85,10.9|9|4.2|3.6|2.9|19.9|3.2|2.7|2.6|2.4
MN1_4317541,1,300.12467090793706,0.10877,19,16|15|21|11|159|160|14|164|163|20,1|1|1|1|1|1|1|1|1|0.95,23.8|9.5|4.3|3.5|3.4|3.2|3.1|3|2.9|8.2
MN1_3941311,1,301.6663490722658,0.04151,20,21|18|16|12|19|25|24|23|13|22,1|1|1|1|0.95|0.81|0.81|0.8|0.8|0.79,11.4|9|7.4|7.3|8.2|5.6|6.7|6.6|6.6|18.6
MASC00490,1,301.6663490722658,0.,21,20|15|22|24|23|11|19|18|16|17,1|1|1|1|1|1|1|1|1|0.92,11.4|10.9|8.6|4.7|4.5|4.3|4.3|4.2|3.3|20.6
MN1_4947324,1,301.6663490722658,0.,22,21|23|24|25|19|31|16|27|20|13,1|0.95|0.93|0.91|0.9|0.87|0.85|0.81|0.79|0.77,8.6|8.6|7|6.7|8.5|3.4|6.4|5.8|18.6|4.8
GAI_2211,1,303.00373448194614,0.03611,23,24|26|21|25|22|36|28|60|27|20,1|1|1|1|0.95|0.85|0.85|0.82|0.81|0.8,23.2|8.1|4.5|3.1|8.6|2.4|5.2|2|2|6.6
MN1_5206981,1,303.00373448194614,0.,24,23|26|21|25|22|29|28|60|4|36,1|1|1|1|0.93|0.91|0.9|0.85|0.85|0.85,23.2|8.7|4.7|3.1|7|3.5|6.4|2.3|2.3|2.3
MASC00820,1,303.00373448194614,0.,25,31|24|23|16|27|22|34|35|19|20,1|1|1|1|0.97|0.91|0.9|0.83|0.82|0.81,17.4|3.1|3.1|2.4|23.4|6.7|6.1|15.5|2.1|5.6
MFT_3459,1,308.98459921468555,0.15166,26,28|29|35|24|23|27|33|25|32|36,1|1|1|1|1|0.95|0.87|0.81|0.79|0.77,35.3|10.8|9.5|8.7|8.1|8.7|7.3|6.8|20.4|5.8
MN1_5669326,1,310.4270142133206,0.03889,27,31|29|228|16|25|26|28|35|24|23,1|1|1|1|0.97|0.95|0.95|0.91|0.82|0.81,17.7|4.4|2.9|2.5|23.4|8.7|8.5|19.1|2|2
MFT_113,1,311.91637495356014,0.04013,28,26|29|35|27|24|33|32|23|25|38,1|1|1|0.95|0.9|0.89|0.85|0.85|0.8|0.78,35.3|11.4|10|8.5|6.4|8.2|23.4|5.2|6.6|5.7
MASC00503,1,311.91637495356014,0.,29,28|26|27|35|24|30|32|34|36|33,1|1|1|1|0.91|0.91|0.87|0.87|0.86|0.85,11.4|10.8|4.4|3.8|3.5|9.5|8|7.7|2.5|2.4
MP_68,1,314.7120492930495,0.074,30,33|34|29|35|36|25|27|24|38|21,1|0.91|0.91|0.89|0.83|0.8|0.78|0.77|0.77|0.7,8.5|24|9.5|5.6|5.9|5.5|5.1|5.6|4.3|5.3
SPS1_151,1,353.92652134460843,0.65986,31,27|25|35|22|33|38|18|12|40|45,1|1|0.99|0.87|0.86|0.82|0.75|0.63|0.52|0.49,17.7|17.4|13.7|3.4|9.9|7.4|7.2|5.3|3.9|3.6
NMSNP1-7672828,1,409.76761171876774,0.78468,32,38|36|29|28|33|39|26|37|35|24,1|0.94|0.87|0.85|0.85|0.81|0.79|0.73|0.71|0.67,8.8|8|8|23.4|6.9|21.2|20.4|4.8|4.4|4.4
NMSNP1-6941245,1,414.2935773202325,0.11703,33,30|37|36|63|35|34|28|26|31|32,1|1|1|1|0.93|0.91|0.89|0.87|0.86|0.85,8.5|3.5|2.8|2.2|19.3|6.4|8.2|7.3|9.9|6.9
GI_2067,1,417.01158088940764,0.07202,34,36|38|33|30|25|29|35|24|21|27,1|1|0.91|0.91|0.9|0.87|0.75|0.73|0.71|0.69,10.6|7.3|6.4|24|6.1|7.7|4.2|4.7|4.7|4.4
BUD1_348,1,424.9210155329392,0.19548,35,28|26|29|37|36|16|228|31|33|27,1|1|1|1|1|1|1|0.99|0.93|0.91,10|9.5|3.8|3.5|3.1|3|2.4|13.7|19.3|19.1
GI_123,1,424.9210155329392,0.,36,34|38|35|33|32|40|29|23|24|3,1|1|1|1|0.94|0.87|0.86|0.85|0.85|0.85,10.6|3.4|3.1|2.8|8|2.6|2.5|2.4|2.3|2.2
CAL_454,1,480.7621059070985,0.78468,37,33|35|38|58|39|40|18|28|32|353,1|1|1|1|0.95|0.88|0.85|0.78|0.73|0.7,3.5|3.5|3.3|2.1|8.6|2.9|2.4|5|4.8|1.8
GI_5292,1,480.7621059070985,0.,38,32|39|34|36|37|321|35|29|33|31,1|1|1|1|1|1|0.85|0.83|0.83|0.82,8.8|8.5|7.3|3.4|3.3|1.7|13.9|2.2|14.8|7.4
PFT1_5341,1,480.7621059070985,0.,39,38|37|33|36|44|32|35|40|28|65,1|0.95|0.83|0.83|0.81|0.81|0.81|0.73|0.65|0.62,8.5|8.6|6.3|6.1|5.7|21.2|5.3|5.7|14.4|4.2
NMSNP1-9973291,1,489.49852635625825,0.21357,40,44|37|45|36|43|46|29|41|39|42,1|0.88|0.87|0.87|0.84|0.83|0.75|0.74|0.73|0.67,4.1|2.9|18.4|2.6|16.5|2|2.3|4.8|5.7|4.5
MN1_11159773,1,497.75949629910826,0.20322,41,46|43|44|45|42|47|40|116|29|63,1|1|1|0.95|0.87|0.79|0.74|0.59|0.53|0.52,9.9|9.2|8.9|8.6|20|4.8|4.8|2.9|3.3|2.4
MN1_11655695,1,501.7235551089009,0.10328,42,46|44|41|47|45|43|40|36|58|63,1|0.9|0.87|0.83|0.81|0.76|0.67|0.64|0.58|0.4,9.6|5.9|20|5.9|6.9|5.6|4.5|3.8|2.6|1.9
MASC02650,1,509.150762316607,0.18474,43,41|44|45|40|46|97|42|89|16|47,1|1|0.94|0.84|0.83|0.82|0.76|0.73|0.68|0.66,9.2|3.3|22.2|16.5|2.2|2|5.6|1.3|1.1|11
MN1_10423673,1,509.150762316607,0.,44,41|45|40|47|43|48|42|46|39|36,1|1|1|1|1|0.93|0.9|0.85|0.81|0.67,8.9|4.2|4.1|3.5|3.3|7.5|5.9|2.4|5.7|10.7
MN1_10841443,1,509.150762316607,0.,45,44|41|43|40|42|47|86|46|48|39,1|0.95|0.94|0.87|0.81|0.72|0.7|0.68|0.6|0.56,4.2|8.6|22.2|18.4|6.9|13.3|1.2|1.7|4.2|3.9
FRL2_2232,1,519.556697825062,0.24886,46,41|42|48|44|43|40|47|45|36|50,1|1|0.89|0.85|0.83|0.83|0.8|0.68|0.64|0.63,9.9|9.6|8.5|2.4|2.2|2|1.8|1.7|1.4|1.4
PERL0107626,1,525.8860000933137,0.15975,47,44|42|64|46|41|48|45|43|49|40,1|0.83|0.82|0.8|0.79|0.73|0.72|0.66|0.63|0.63,3.5|5.9|2|1.8|4.8|5.1|13.3|11|10|10.1
MN1_13671674,1,534.4591022360653,0.21003,48,44|46|47|45|36|50|49|43|37|40,0.93|0.89|0.73|0.6|0.59|0.58|0.55|0.54|0.54|0.53,7.5|8.5|5.1|4.2|3.4|3.6|3.3|3.3|3.4|3.2
MASC06784,1,550.3534696466385,0.35409,49,51|53|50|52|73|55|47|60|54|59,1|0.89|0.8|0.79|0.76|0.74|0.63|0.63|0.62|0.62,10.4|3|15.2|15.7|1.5|4.6|10|1.4|3.5|10.2
MN1_18632912,1,556.3978291829314,0.15314,50,53|52|60|55|49|51|54|57|59|65,1|0.94|0.88|0.83|0.8|0.8|0.8|0.78|0.78|0.75,4.7|21.4|2.9|5.5|15.2|6.3|6|5.8|14.5|2.3
MN1_17181992,1,562.5600333428596,0.15588,51,49|50|52|53|58|56|60|59|54|65,1|0.8|0.76|0.75|0.68|0.66|0.66|0.63|0.61|0.56,10.4|6.3|5.5|6.2|3.8|3.6|4.3|3.8|10.8|3
MASC00545,1,570.1060804493509,0.1874,52,53|50|55|59|49|60|51|54|57|65,1|0.94|0.85|0.79|0.79|0.77|0.76|0.74|0.65|0.64,5.4|21.4|6.4|16.2|15.7|2.6|5.5|5.8|4.6|1.9
MN1_19519292,1,570.1060804493509,0.,53,54|52|50|61|59|57|60|55|58|49,1|1|1|1|1|0.97|0.91|0.9|0.89|0.89,12.3|5.4|4.7|4.3|4.2|10.3|20.2|6.3|3.1|3
PERL0174281,1,570.1060804493509,0.,54,57|53|59|60|63|56|58|50|61|52,1|1|1|1|1|0.85|0.84|0.8|0.75|0.74,30.3|12.3|11|10.9|7.6|6.2|5.9|6|6.1|5.8
PERL0172350,1,625.9471708235102,0.78468,55,59|63|60|61|53|52|50|64|49|56,1|1|1|0.96|0.9|0.85|0.83|0.8|0.74|0.72,10.1|9.1|8.4|9.2|6.3|6.4|5.5|5.2|4.6|3.8
MN1_21669564,1,634.8360362593252,0.21686,56,57|58|53|54|60|62|61|63|59|55,1|0.97|0.88|0.85|0.84|0.83|0.83|0.81|0.78|0.72,10|20|2.9|6.2|2.2|5.9|2.2|1.8|1.7|3.8
MN1_21079881,1,634.8360362593252,0.,57,54|59|56|58|63|53|60|50|61|52,1|1|1|1|1|0.97|0.96|0.78|0.7|0.65,30.3|10.4|10|9.6|7.7|10.3|9.4|5.8|5.1|4.6
MN1_22354107,1,634.8360362593252,0.,58,57|61|37|132|56|53|62|60|54|63,1|1|1|1|0.97|0.89|0.85|0.85|0.84|0.78,9.6|3.1|2.1|1.9|20|3.1|6.3|2.3|5.9|1.6
MASC03754,1,690.6771266334845,0.78468,59,54|57|55|53|60|63|65|52|61|56,1|1|1|1|1|1|0.87|0.79|0.79|0.78,11|10.4|10.1|4.2|4.1|3.1|2.7|16.2|15.6|1.7
MN1_20174828,1,690.6771266334845,0.,60,54|55|59|61|63|57|53|50|24|58,1|1|1|1|1|0.96|0.91|0.88|0.85|0.85,10.9|8.4|4.1|4.1|3|9.4|20.2|2.9|2.3|2.3
MASC04170,1,690.6771266334845,0.,61,65|53|60|58|55|62|69|56|67|59,1|1|1|1|0.96|0.89|0.84|0.83|0.81|0.79,4.5|4.3|4.1|3.1|9.2|8.1|2.3|2.2|6|15.6
MN1_23270514,1,694.1058066949672,0.08998,62,64|65|61|58|56|53|68|59|60|57,1|0.91|0.89|0.85|0.83|0.8|0.79|0.75|0.74|0.64,10.8|6.5|8.1|6.3|5.9|6.7|5.1|5.3|5|12.8
MASC00513,1,749.9468970691265,0.78468,63,55|57|54|64|59|60|68|33|70|56,1|1|1|1|1|1|1|1|0.84|0.81,9.1|7.7|7.6|3.3|3.1|3|2.6|2.2|2.2|1.8
MN1_23474588,1,749.9468970691265,0.,64,62|63|66|47|55|68|67|65|69|70,1|1|0.83|0.82|0.8|0.8|0.77|0.75|0.73|0.72,10.8|3.3|6.4|2|5.2|14.1|6|2.3|2.1|13.2
MN1_23893336,1,757.8427744891559,0.19518,65,70|61|68|67|66|62|59|79|72|64,1|1|1|0.98|0.98|0.91|0.87|0.77|0.75|0.75,5.3|4.5|4.1|12.2|11.9|6.5|2.7|2.6|2.3|2.3
FT_3485,1,758.3337099820234,0.01341,66,67|65|70|68|69|72|64|59|71|61,1|0.98|0.94|0.92|0.9|0.87|0.83|0.78|0.76|0.75,35.6|11.9|8.8|7.5|8.4|5.8|6.4|4.1|5|4.9
FT_585,1,758.3337099820234,0.,67,66|65|70|68|72|71|69|61|59|64,1|0.98|0.96|0.92|0.92|0.82|0.82|0.81|0.77|0.77,35.6|12.2|9.9|7.3|7.1|6.1|7.1|6|5.1|6
FKF1_2281,1,760.5651607366265,0.05952,68,69|72|65|71|63|70|74|66|67|75,1|1|1|1|1|0.97|0.97|0.92|0.92|0.88,4.5|4.3|4.1|4.1|2.6|23|10|7.5|7.3|2.9
MN1_26278413,1,760.5651607366265,0.,69,74|68|71|72|77|70|66|76|81|75,1|1|1|1|0.93|0.9|0.9|0.87|0.87|0.86,9.9|4.5|3.4|3|7.6|3.3|8.4|2.7|2.7|2.5
MN1_24694673,1,763.5869440155252,0.07974,70,65|72|71|68|74|67|66|78|76|84,1|1|1|0.97|0.96|0.96|0.94|0.91|0.9|0.9,5.3|4.5|4|23|9.3|9.9|8.8|3.7|3.4|3.4
MN1_25487722,1,763.5869440155252,0.,71,74|68|70|69|72|76|67|66|75|81,1|1|1|1|0.97|0.85|0.82|0.76|0.76|0.69,8.6|4.1|4|3.4|22.6|17.6|6.1|5|14.4|1.8
MN1_24795166,1,764.3694858688679,0.02129,72,74|70|68|69|71|67|81|66|76|77,1|1|1|1|0.97|0.92|0.88|0.87|0.85|0.78,8.8|4.5|4.3|3|22.6|7.1|2.9|5.8|17.5|4.9
MN1_28584258,1,820.2105762430272,0.78468,73,81|78|83|86|87|155|79|85|76|75,1|1|1|1|1|1|0.9|0.85|0.82|0.82,3.3|3.2|2.5|1.8|1.6|1.4|3.3|4.9|2|2
PERL0235052,1,834.3600159429762,0.32234,74,69|76|75|78|72|71|80|68|70|77,1|1|1|1|1|1|1|0.97|0.96|0.89,9.9|9.2|9|8.9|8.8|8.6|8.4|10|9.3|21.2
MN1_26795231,1,834.3600159429762,0.,75,77|74|81|76|70|68|69|80|73|78,1|1|1|0.95|0.9|0.88|0.86|0.84|0.82|0.76,9.4|9|4.7|22.7|3.3|2.9|2.5|16.5|2|15.2
MASC03684,1,835.9578864252666,0.04299,76,74|75|70|81|69|68|71|72|77|73,1|0.95|0.9|0.9|0.87|0.86|0.85|0.85|0.84|0.82,9.2|22.7|3.4|3.3|2.7|2.6|17.6|17.5|6.6|2
NMSNP1-26685638,1,840.7869857495068,0.12436,77,81|75|80|78|69|83|74|82|76|73,1|1|1|0.95|0.93|0.92|0.89|0.86|0.84|0.8,11.8|9.4|8.8|8.5|7.6|6.7|21.2|7.2|6.6|3.9
MN1_28666837,1,842.363204313277,0.04242,78,85|74|81|73|77|83|70|80|79|84,1|1|1|1|0.95|0.94|0.91|0.91|0.91|0.89,13.6|8.9|5|3.2|8.5|21.3|3.7|20.2|3.5|20.5
MN1_30312683,1,845.1321851343632,0.07332,79,84|82|83|85|78|73|80|87|86|69,1|1|1|0.94|0.91|0.9|0.89|0.84|0.78|0.77,5.9|5.7|4.5|8.2|3.5|3.3|3|2.3|1.6|2.6
MASC00850,1,848.5161384526034,0.08886,80,77|74|81|78|70|79|85|68|75|76,1|1|1|0.91|0.9|0.89|0.89|0.84|0.84|0.82,8.8|8.4|4.2|20.2|3.2|3|7.8|2.3|16.5|16.5
MN1_26993261,1,848.5161384526034,0.,81,77|78|75|80|83|73|84|82|76|74,1|1|1|1|1|1|0.91|0.91|0.9|0.89,11.8|5|4.7|4.2|3.9|3.3|3.7|3.6|3.3|7.8
MASC00542,1,851.1722811097005,0.07044,82,79|86|87|84|83|81|70|85|77|74,1|1|1|0.98|0.91|0.91|0.89|0.86|0.86|0.85,5.7|2.8|1.9|26.4|19.9|3.6|3.2|9.1|7.2|6.7
NMSNP1-29898175,1,853.8256855264385,0.07037,83,85|79|81|73|87|84|78|77|82|70,1|1|1|1|1|0.97|0.94|0.92|0.91|0.87,12.1|4.5|3.9|2.5|1.6|23.7|21.3|6.7|19.9|2.7
MN1_30116495,1,854.5655246051814,0.02014,84,79|87|82|83|85|81|70|78|77|86,1|1|0.98|0.97|0.92|0.91|0.9|0.89|0.79|0.77,5.9|1.9|26.4|23.7|10.6|3.7|3.4|20.5|6.3|1.6
MASC04717,1,856.791176075887,0.05937,85,78|83|87|86|79|84|80|82|73|81,1|1|1|1|0.94|0.92|0.89|0.86|0.85|0.73,13.6|12.1|8.2|7.2|8.2|10.6|7.8|9.1|4.9|5
MN1_29696345,1,856.791176075887,0.,86,85|82|73|87|79|84|74|77|45|69,1|1|1|0.96|0.78|0.77|0.74|0.73|0.7|0.69,7.2|2.8|1.8|18.3|1.6|1.6|3.8|3.6|1.2|1.1
MASC00675,1,857.861314646462,0.029,87,85|82|84|83|73|204|86|79|74|77,1|1|1|1|1|1|0.96|0.84|0.61|0.53,8.2|1.9|1.9|1.6|1.6|1.4|18.3|2.3|2.4|2.2
MASC02020,2,0,NA,88,95|90|97|99|96|94|92|89|150|132,1|1|1|1|1|1|1|1|1|1,24.1|9.8|3.4|3.2|3.2|3.1|3|2.9|2.3|1.9
MAX3_141,2,0.,0.,89,97|91|88|105|357|95|101|106|108|96,1|1|1|1|1|1|1|1|1|0.96,22.8|3.4|2.9|2.7|2.6|2.6|2.2|2.2|2.1|19.4
SOC1_1594,2,1.5967305861632106,0.04296,90,94|88|93|95|92|89|96|99|97|98,1|1|1|1|0.95|0.95|0.94|0.94|0.94|0.9,10|9.8|9.5|7.9|8.2|7.9|8.2|8|7.8|5.9
MN2_19253011,2,4.99784927359045,0.08929,91,100|98|97|115|89|96|94|102|117|90,1|1|1|1|1|1|1|0.94|0.89|0.89,10.5|3.9|3.7|3.5|3.4|3.3|3.2|8.3|3.1|8.3
MAX2_752,2,11.12991080333395,0.15518,92,96|99|265|88|131|261|105|95|101|108,1|1|1|1|1|1|1|1|1|1,24.6|24|3.2|3|3|2.9|2.9|2.9|2.7|2.5
MN2_18753024,2,16.03217307694286,0.12612,93,90|102|100|94|103|132|148|151|88|95,1|1|1|1|1|1|1|1|0.97|0.94,9.5|8.8|8|3.5|2.8|1.9|1.4|1.3|20.1|20.6
MN2_18986211,2,16.03217307694286,0.,94,90|102|100|93|91|95|98|88|105|101,1|1|1|1|1|1|1|1|1|1,10|8.1|7.7|3.5|3.2|3.2|3.1|3.1|3|2.9
MN2_18034146,2,16.03217307694286,0.,95,88|90|99|96|94|97|92|89|150|132,1|1|1|1|1|1|1|1|1|1,24.1|7.9|3.4|3.2|3.2|3|2.9|2.6|2.1|2.1
MN2_17844494,2,16.03217307694286,0.,96,99|92|265|91|105|95|88|101|261|336,1|1|1|1|1|1|1|1|1|1,24.8|24.6|3.4|3.3|3.3|3.2|3.2|3|2.9|2.8
MN2_18402190,2,16.990135816564752,0.026,97,89|91|105|88|106|95|108|101|138|92,1|1|1|1|1|1|1|1|1|1,22.8|3.7|3.5|3.4|3.2|3|2.8|2.8|1.8|20.1
MN2_19602061,2,29.501736516313485,0.29112,98,91|114|94|103|90|93|102|100|195|95,1|1|1|1|0.9|0.9|0.89|0.88|0.84|0.82,3.9|3.2|3.1|2.6|5.9|17.6|5.4|4.8|2.2|14
MAX2_67,2,36.488263708496774,0.1748,99,96|92|105|95|88|101|109|265|108|261,1|1|1|1|1|1|1|1|1|1,24.8|24|3.4|3.4|3.2|3.1|2.8|2.8|2.7|2.7
SOC1_651,2,38.64979811421557,0.05771,100,102|91|93|94|106|108|97|96|99|89,1|1|1|1|1|1|0.94|0.93|0.93|0.92,28.5|10.5|8|7.7|5.7|5.3|7.4|7.3|6.7|6.3
MN2_17606148,2,42.273601865494996,0.09485,101,110|112|111|99|96|94|97|92|89|95,1|1|1|1|1|1|1|1|1|0.97,3.9|3.6|3.6|3.1|3|2.9|2.8|2.7|2.2|21.7
SOC1_2742,2,45.18570035544255,0.07696,102,100|93|94|106|108|91|97|103|96|89,1|1|1|1|1|0.94|0.94|0.93|0.93|0.93,28.5|8.8|8.1|6|5.9|8.3|7.3|6.9|7|6.7
MN2_17051422,2,47.11374042734265,0.05164,103,107|110|106|93|108|98|104|102|100|111,1|1|1|1|1|1|0.94|0.93|0.92|0.89,8.8|3.8|3.3|2.8|2.6|2.6|8.4|6.9|6.3|3
HOS1_5954,2,48.776263476256275,0.04469,104,107|105|108|106|101|103|114|109|95|88,1|1|1|1|0.95|0.94|0.94|0.93|0.88|0.84,32.9|10.7|10.2|10|8.8|8.4|8.1|7.2|7.8|6.3
MASC06077,2,48.776263476256275,0.,105,104|107|114|111|110|97|112|99|96|94,1|1|1|1|1|1|1|1|1|1,10.7|10.4|4.4|3.9|3.6|3.5|3.5|3.4|3.3|3
MN2_16837474,2,50.52071796895068,0.04684,106,108|107|104|102|100|114|111|103|97|110,1|1|1|1|1|1|1|1|1|1,24|10.7|10|6|5.7|3.9|3.3|3.3|3.2|3.1
HOS1_1788,2,50.52071796895068,0.,107,104|106|105|108|103|101|114|109|95|88,1|1|1|1|1|0.94|0.94|0.93|0.86|0.84,32.9|10.7|10.4|10.3|8.8|7.7|7.5|7.4|6.7|6.1
MASC06022,2,50.52071796895068,0.,108,106|107|104|102|100|111|112|110|114|97,1|1|1|1|1|1|1|1|1|1,24|10.3|10.2|5.9|5.3|4.2|3.9|3.8|3.2|2.8
MASC02232,2,52.50977569703735,0.05323,109,111|114|110|112|99|96|94|92|105|107,1|1|1|1|1|1|1|1|0.97|0.93,3.5|3.5|3.2|3.1|2.8|2.6|2.2|2|22|7.4
MASC05385,2,52.50977569703735,0.,110,101|103|108|105|114|117|109|106|111|113,1|1|1|1|1|1|1|1|0.97|0.95,3.9|3.8|3.8|3.6|3.4|3.3|3.2|3.1|23.4|8.7
MN2_14949589,2,53.28080142980473,0.02098,111,112|114|108|117|105|101|109|106|118|148,1|1|1|1|1|1|1|1|1|1,24.7|4.4|4.2|4.1|3.9|3.6|3.5|3.3|3|2.2
MN2_14583090,2,53.28080142980473,0.,112,111|114|108|101|105|117|109|118|106|123,1|1|1|1|1|1|1|1|1|0.91,24.7|3.9|3.9|3.6|3.5|3.5|3.1|3|3|6.5
MASC05384,2,57.95533004748038,0.12063,113,114|120|111|105|110|117|109|108|119|112,1|1|0.95|0.95|0.95|0.93|0.92|0.91|0.86|0.85,9.8|9.1|8.9|8.9|8.7|7.7|6.6|6.3|6.8|6.6
MASC05841,2,57.95533004748038,0.,114,113|131|105|111|124|119|112|120|116|106,1|1|1|1|1|1|1|1|1|1,9.8|4.4|4.4|4.4|4.1|4.1|3.9|3.9|3.9|3.9
MASC03060,2,69.95450728305202,0.28106,115,91|138|137|149|145|130|343|100|141|155,1|1|0.92|0.85|0.81|0.8|0.79|0.77|0.77|0.72,3.5|2.3|6.1|2.4|1.9|5.1|1.7|4.2|5.5|1.2
FES1_1877,2,125.79559765721132,0.78468,116,119|114|96|99|92|121|120|122|118|111,1|1|1|1|1|0.95|0.94|0.87|0.86|0.85,24.7|3.9|2.3|2.2|1.9|8|19.2|2.7|15.4|2.3
MN2_14003409,2,130.97228170530056,0.13269,117,121|123|131|122|111|125|120|124|118|112,1|1|1|1|1|1|1|1|1|1,10.2|10.1|4.4|4.3|4.1|4|3.8|3.8|3.5|3.5
MASC05434,2,130.97228170530056,0.,118,123|128|122|117|114|112|111|195|140|126,1|1|1|1|1|1|1|1|1|1,7.6|7.3|3.6|3.5|3.5|3|3|2.9|2.3|2.3
MASC06798,2,135.20497239199955,0.10988,119,116|114|228|92|121|120|122|195|118|113,1|1|1|1|0.95|0.93|0.88|0.86|0.86|0.86,24.7|4.1|2.3|2.2|8.3|18.8|2.8|2.6|15.4|6.8
MASC02512,2,137.15449128104135,0.0522,120,113|121|125|122|114|117|129|126|92|116,1|1|1|1|1|1|1|1|1|0.94,9.1|8.9|4.1|4|3.9|3.8|2.9|2.6|1.5|19.2
SAR1_280,2,137.15449128104135,0.,121,117|120|126|122|119|116|114|129|118|125,1|1|1|0.97|0.95|0.95|0.93|0.93|0.92|0.88,10.2|8.9|5.9|10|8.3|8|7.3|7.1|6.6|8
MN2_13326473,2,138.15242371122886,0.02707,122,125|123|117|124|120|118|297|121|139|126,1|1|1|1|1|1|1|0.97|0.95|0.9,25.9|10.7|4.3|4.2|4|3.6|1.8|10|8.7|18.3
MN2_13201786,2,138.15242371122886,0.,123,125|122|117|129|124|135|126|118|114|128,1|1|1|1|1|1|1|1|0.96|0.92,11.4|10.7|10.1|8.8|8.3|8.1|7.8|7.6|9.2|22.5
MASC07284,2,138.15242371122886,0.,124,134|136|139|128|123|122|114|129|117|140,1|1|1|1|1|1|1|1|1|1,9.5|9.1|9|8.4|8.3|4.2|4.1|4|3.8|3.4
MASC02787,2,141.11222204594503,0.07817,125,122|123|120|117|139|129|124|126|121|118,1|1|1|1|0.94|0.91|0.9|0.9|0.88|0.86,25.9|11.4|4.1|4|8.1|20.7|3.3|17.3|8|2.5
ATC_1679,2,144.19965866741572,0.0814,126,129|123|139|121|147|287|124|290|114|120,1|1|1|1|1|1|1|1|1|1,23.2|7.8|7.4|5.9|3.1|3|3|2.9|2.9|2.6
FDP_354,2,200.040749041575,0.78468,127,148|138|151|137|142|150|132|154|112|121,1|1|1|0.97|0.91|0.89|0.86|0.68|0.68|0.66,3.6|3.3|2.5|9.8|3.5|3|2.5|1.7|1.7|4.2
MN2_11564603,2,220.5376207063747,0.43088,128,140|143|131|124|118|135|114|117|123|129,1|1|1|1|1|1|0.95|0.94|0.92|0.89,11.6|10.5|9.7|8.4|7.3|6|8|7.8|22.5|5.8
MASC05327,2,223.66664632911846,0.08245,129,126|134|136|139|123|131|124|117|290|114,1|1|1|1|1|1|1|1|1|1,23.2|10.8|10.1|9.7|8.8|5.3|4|3.2|3.1|3
MN2_592845,2,279.50773670327777,0.78468,130,144|133|145|149|155|115|114|138|117|127,1|1|1|0.94|0.81|0.8|0.67|0.6|0.54|0.5,9.9|9.7|8.8|8|5.4|5.1|3.9|2.7|2.8|3.1
MAX1_657,2,335.3488270774371,0.78468,131,136|134|128|129|117|114|140|143|92|139,1|1|1|1|1|1|1|1|1|0.96,11.6|11.3|9.7|5.3|4.4|4.4|3.8|3.1|3|9.1
MASC05443,2,391.1899174515964,0.78468,132,340|95|93|88|58|386|376|154|148|151,1|1|1|1|1|1|1|0.93|0.92|0.91,2.2|2.1|1.9|1.9|1.9|1.5|1.4|17|16.5|13.8
RGA_1023,2,447.0310078257557,0.78468,133,141|130|144|145|149|138|115|153|114|127,1|1|1|1|1|0.77|0.69|0.57|0.37|0.24,10.9|9.7|4.2|3.5|3.4|1.5|10|1.1|4|2.9
MASC05920,2,502.872098199915,0.78468,134,136|131|129|124|139|126|120|118|153|143,1|1|1|1|0.98|0.92|0.87|0.84|0.82|0.81,32.6|11.3|10.8|9.5|27.6|6.5|5.1|4.6|5.4|5.4
MASC02928,2,509.785548558716,0.17314,135,123|128|147|143|140|153|152|131|146|117,1|1|1|1|1|1|0.88|0.88|0.87|0.84,8.1|6|4.5|2.6|2.6|2.5|2.8|2.8|2.6|2.2
MN2_11300378,2,517.8167726917802,0.19817,136,134|131|129|124|139|126|151|120|118|143,1|1|1|1|0.98|0.93|0.88|0.87|0.86|0.84,32.6|11.6|10.1|9.1|28.2|6.9|4.6|5.4|5|6.2
PHYB_1645,2,573.6578630659395,0.78468,137,142|138|148|151|127|114|115|153|143|132,1|1|1|1|0.97|0.95|0.92|0.89|0.88|0.86,9.2|5.9|5.2|3.7|9.8|8.1|6.1|5.1|5.1|4.7
MN2_7551582,2,573.6578630659395,0.,138,137|127|152|147|146|142|115|97|143|153,1|1|1|1|1|1|1|1|1|1,5.9|3.3|3|2.9|2.8|2.5|2.3|1.8|1.5|1.5
MN2_12187411,2,629.4989534400988,0.78468,139,129|124|126|136|134|131|122|125|147|120,1|1|1|0.98|0.98|0.96|0.95|0.94|0.94|0.88,9.7|9|7.4|28.2|27.6|9.1|8.7|8.1|7.8|5.5
MN2_10134400,2,636.9011911341529,0.18418,140,143|153|128|131|124|135|118|138|280|152,1|1|1|1|1|1|1|1|1|0.87,24.5|23.1|11.6|3.8|3.4|2.6|2.3|1.2|1.2|2.8
RGA_2019,2,652.4113886712655,0.34723,141,144|133|145|149|115|151|153|148|155|132,1|1|1|0.93|0.77|0.73|0.72|0.72|0.66|0.66,11.5|10.9|9.6|7.8|5.5|2.8|3.9|3.5|3.2|3.1
MN2_8750048,2,708.2524790454248,0.78468,142,137|114|143|154|138|148|151|152|146|127,1|1|1|1|1|1|1|0.92|0.91|0.91,9.2|3.6|3.1|2.6|2.5|1.9|1.7|21.4|20.9|3.5
MN2_10566684,2,708.2524790454248,0.,143,140|128|146|152|131|142|147|124|135|118,1|1|1|1|1|1|1|1|1|1,24.5|10.5|3.6|3.4|3.1|3.1|3|2.8|2.6|2
MN2_286127,2,764.0935694195841,0.78468,144,145|141|130|133|155|149|261|115|112,1|1|1|1|1|0.94|0.85|0.68|0.5,24.5|11.5|9.9|4.2|2.5|21.9|2.3|1.6|1.1
NMSNP2-839805,2,764.0935694195841,0.,145,144|141|130|133|155|149|261|115|251,1|1|1|1|1|0.97|0.85|0.81|0.33,24.5|9.6|8.8|3.5|2.3|23|2.3|1.9|1.4
MASC05584,2,819.9346597937434,0.78468,146,143|138|152|147|142|114|135|153|137|128,1|1|0.98|0.91|0.91|0.89|0.87|0.84|0.82|0.76,3.6|2.8|26|21|20.9|3|2.6|2.3|7.3|5.7
MASC07354,2,822.4939160396555,0.06796,147,135|126|143|153|138|150|154|151|148|152,1|1|1|1|1|1|1|1|1|0.95,4.5|3.1|3|3|2.9|2.8|2.4|1.7|1.6|22.5
PHYB_5215,2,822.4939160396555,0.,148,151|137|127|342|340|111|142|147|88|95,1|1|1|1|1|1|1|1|1|1,17.8|5.2|3.6|2.4|2.3|2.2|1.9|1.6|1.5|1.5
MASC05477,2,878.3350064138148,0.78468,149,133|155|145|144|130|141|115|249|261|257,1|1|0.97|0.94|0.94|0.93|0.85|0.76|0.69|0.56,3.4|3.2|23|21.9|8|7.8|2.4|1.5|1.8|1.4
MN2_8594369,2,934.1760967879741,0.78468,150,342|340|147|386|88|95|337|138|153|148,1|1|1|1|1|1|1|1|0.93|0.89,3.3|3.1|2.8|2.3|2.3|2.1|1.8|1.1|17.8|16.2
MN2_7742622,2,937.9678138490082,0.09902,151,148|137|127|142|147|114|117|93|105|183,1|1|1|1|1|1|1|1|1|1,17.8|3.7|2.5|1.7|1.7|1.6|1.5|1.3|1.2|1.2
MASC02600,2,993.8089042231675,0.78468,152,143|153|138|146|147|142|114|135|140|128,1|1|1|0.98|0.95|0.92|0.89|0.88|0.87|0.81,3.4|3.3|3|26|22.5|21.4|3.1|2.8|2.8|5.7
SVP_4824,2,993.8089042231675,0.,153,140|342|152|340|147|135|337|386|138|143,1|1|1|1|1|1|1|1|1|0.97,23.1|3.5|3.3|3.2|3|2.5|2.3|1.5|1.5|20.5
NMSNP2-6032798,2,1003.1674426841358,0.22691,154,142|147|151|132|148|137|103|340|131|152,1|1|0.95|0.93|0.92|0.85|0.82|0.81|0.81|0.78,2.6|2.4|14.3|17|15.5|4.5|1.9|2|1.9|1.7
NMSNP2-1798607,2,1016.262330189131,0.3024,155,149|144|145|73|130|88|93|151|115|95,1|1|1|1|0.81|0.78|0.76|0.74|0.72|0.7,3.2|2.5|2.3|1.4|5.4|1.6|1.5|8.3|1.2|1.2
MASC03109,3,0,NA,156,158|160|157|162|161|167|159|164|163|165,1|1|0.98|0.97|0.95|0.93|0.92|0.9|0.89|0.75,32|9.5|29.4|18.9|8.5|7.2|6.8|6|5.7|5.3
GAr3_3658,3,0.588001205914106,0.01604,157,162|160|156|158|161|167|159|164|163|165,1|1|0.98|0.98|0.95|0.93|0.93|0.81|0.81|0.8,24.3|10.3|29.4|29.1|9|7.4|7.6|5.6|5.4|5.3
MASC04925,3,1.1878303887940151,0.01636,158,156|160|157|162|161|167|159|166|164|163,1|1|0.98|0.98|0.96|0.94|0.9|0.87|0.82|0.8,32|9.7|29.1|19.9|9.2|7.9|6.2|7.4|5.7|5.4
NMSNP3-21989468,3,4.15867562459421,0.07845,159,171|165|19|160|164|157|156|158|163|162,1|1|1|0.97|0.94|0.93|0.92|0.9|0.88|0.87,10|3.5|3.4|21|19.7|7.6|6.8|6.2|17.8|4.7
MN3_23260905,3,5.066644745450367,0.02466,160,157|158|171|156|162|161|167|19|159|172,1|1|1|1|1|1|1|1|0.97|0.87,10.3|9.7|9.5|9.5|8.5|3.8|3.5|3.2|21|2.7
MN3_22843506,3,5.066644745450367,0.,161,160|158|157|156|167|171|173|175|216|159,1|0.96|0.95|0.95|0.91|0.91|0.86|0.86|0.85|0.83,3.8|9.2|9|8.5|20.2|6.7|2.5|2.5|2.4|2.2
GAr3_1381,3,60.90773511960966,0.78468,162,157|160|158|156|159|163|164|170|182|183,1|1|0.98|0.97|0.87|0.79|0.79|0.69|0.58|0.47,24.3|8.5|19.9|18.9|4.7|4.2|4.2|7.4|6.6|1.9
MN3_21127619,3,67.3354094880936,0.16202,163,164|166|358|165|19|171|172|156|159|173,1|1|1|1|1|0.89|0.89|0.89|0.88|0.84,25.5|4.5|3.2|2.9|2.9|5.9|3.1|5.7|17.8|2.3
MN3_20828994,3,67.3354094880936,0.,164,163|171|166|19|165|159|156|172|173|160,1|1|1|1|1|0.94|0.9|0.89|0.85|0.84,25.5|8|4.6|3|2.8|19.7|6|3.1|2.4|16.4
MN3_21632898,3,67.3354094880936,0.,165,171|173|159|163|164|215|169|172|166|175,1|1|1|1|1|1|0.88|0.88|0.88|0.87,8.7|4.2|3.5|2.9|2.8|2.4|3|3|2.9|2.7
MN3_20728619,3,70.88135878136188,0.09291,166,172|164|163|174|170|173|169|168|165|171,1|1|1|1|0.93|0.91|0.89|0.89|0.88|0.87,28.2|4.6|4.5|4.2|7.8|19.3|21.7|21.6|2.9|7.4
MN3_22316041,3,74.88558607971558,0.10427,167,173|169|168|160|158|156|157|171|161|175,1|1|1|1|0.94|0.93|0.93|0.91|0.91|0.88,4.5|4.3|3.9|3.5|7.9|7.2|7.4|6.6|20.2|2.9
MASC04031,3,74.88558607971558,0.,168,169|173|170|174|167|172|166|165|323|175,1|1|1|1|1|0.95|0.89|0.86|0.84|0.79,30.5|25.9|11|4.1|3.9|23.6|21.6|2.6|2.3|16.2
MN3_20028297,3,74.88558607971558,0.,169,168|173|170|174|167|172|166|165|323|175,1|1|1|1|1|0.95|0.89|0.88|0.83|0.81,30.5|27.6|11|4.7|4.3|25|21.7|3|2.2|17.7
MASC07178,3,74.88558607971558,0.,170,169|168|175|173|174|172|166|165|163|164,1|1|1|1|1|0.95|0.93|0.85|0.78|0.71,11|11|9.6|8.4|6.6|8.7|7.8|5.1|5.7|5
MASC02321,3,130.72667645387486,0.78468,171,159|160|165|164|167|161|163|172|173|166,1|1|1|1|0.91|0.91|0.89|0.88|0.88|0.87,10|9.5|8.7|8|6.6|6.7|5.9|8|7.4|7.4
MASC04749,3,134.21654548518907,0.09151,172,166|174|323|169|170|168|173|164|163|165,1|1|1|0.95|0.95|0.95|0.94|0.89|0.89|0.88,28.2|4.8|3.2|25|8.7|23.6|20.8|3.1|3.1|3
MASC03218,3,136.01139368673603,0.04816,173,169|168|170|167|174|165|172|166|175|194,1|1|1|1|1|1|0.94|0.91|0.88|0.88,27.6|25.9|8.4|4.5|4.3|4.2|20.8|19.3|18.8|2.8
MN3_19283177,3,136.01139368673603,0.,174,170|172|169|173|166|175|168|177|176|165,1|1|1|1|1|1|1|0.88|0.88|0.79,6.6|4.8|4.7|4.3|4.2|4.2|4.1|7.6|7.6|13.4
NMSNP3-18980664,3,136.01139368673603,0.,175,177|170|174|176|184|167|173|165|161|182,1|1|1|0.95|0.9|0.88|0.88|0.87|0.86|0.82,10.7|9.6|4.2|9.1|9.5|2.9|18.8|2.7|2.5|6.1
MASC03176,3,137.48219604365173,0.03964,176,177|175|174|164|163|185|183|173|160|159,1|0.95|0.88|0.77|0.76|0.75|0.74|0.72|0.67|0.65,32.1|9.1|7.6|5.8|5.4|5.4|5.6|4.9|4.5|4.7
MN3_18590814,3,137.48219604365173,0.,177,176|175|174|173|179|181|183|180|164|185,1|1|0.88|0.84|0.83|0.8|0.73|0.71|0.7|0.69,32.1|10.7|7.6|6.3|6.2|5.4|5.1|4.6|4.2|4.2
MASC05049,3,161.08902197308774,0.47753,178,186|192|187|193|200|180|181|161|179|198,1|1|0.8|0.76|0.6|0.53|0.52|0.52|0.49|0.49,3.2|2.8|1.7|1.5|1.2|7.7|7.4|1.2|6.9|1
PERL0600074,3,179.51631668628235,0.39755,179,181|180|182|184|183|177|186|374|176|185,1|0.97|0.9|0.88|0.86|0.83|0.8|0.77|0.61|0.61,26.8|23.8|6.3|8|2.6|6.2|1.8|1.6|3.8|1.3
NMSNP3-16553703,3,180.26617713008213,0.02041,180,182|183|179|181|185|186|184|363|177|170,1|1|0.97|0.97|0.84|0.83|0.81|0.8|0.71|0.64,8.7|4.1|23.8|23.4|2.3|2|7.1|1.7|4.6|3.6
PERL0600049,3,181.0372028628495,0.02098,181,179|182|183|180|184|177|185|186|190|171,1|1|1|0.97|0.95|0.8|0.8|0.77|0.69|0.63,26.8|7|3.5|23.4|8.9|5.4|1.8|1.5|1.8|3.8
MN3_17767232,3,181.0372028628495,0.,182,180|181|183|179|175|185|186|174|173|172,1|1|0.9|0.9|0.82|0.74|0.71|0.7|0.66|0.65,8.7|7|9.3|6.3|6.1|5.9|4.6|3.9|3.9|4.4
MN3_16176877,3,183.88160412083496,0.07524,183,180|181|151|185|184|182|186|179|187|288,1|1|1|0.98|0.93|0.9|0.89|0.86|0.8|0.8,4.1|3.5|1.2|24.7|8|9.3|3.2|2.6|1.9|1.8
MASC09041,3,185.8994793391874,0.05398,184,181|183|175|179|185|180|187|172|173|166,0.95|0.93|0.9|0.88|0.84|0.81|0.74|0.72|0.7|0.68,8.9|8|9.5|8|6.5|7.1|4.1|6.5|5.7|5.4
MN3_15880080,3,190.7493486273022,0.12486,185,288|285|283|183|186|180|184|164|187|181,1|1|1|0.98|0.88|0.84|0.84|0.82|0.8|0.8,2.1|2.1|1.6|24.7|2.9|2.3|6.5|2|1.8|1.8
NMSNP3-15028196,3,194.23841713827815,0.09149,186,178|183|185|214|180|179|181|361|169|175,1|0.89|0.88|0.84|0.83|0.8|0.77|0.77|0.73|0.72,3.2|3.2|2.9|2.2|2|1.8|1.5|1.5|2.1|2.1
MN3_11398208,3,250.07950751243743,0.78468,187,191|212|217|373|201|358|189|183|185|178,1|1|1|1|0.88|0.85|0.83|0.8|0.8|0.8,3|2|1.9|1.9|11.1|2.3|6.1|1.9|1.8|1.7
NMSNP3-10995664,3,257.94964012453113,0.19461,188,192|193|190|194|203|187|191|196|186|199,1|1|0.94|0.89|0.83|0.75|0.75|0.73|0.71|0.7,5|4.2|8.4|6.2|4.7|5.1|4.4|15.9|3.8|13.2
MN3_9747529,3,313.79073049869044,0.78468,189,194|190|193|195|192|187|191|200|198|197,1|0.96|0.95|0.95|0.93|0.83|0.83|0.79|0.74|0.73,10.4|9.3|8.2|8.3|7.4|6.1|6|5|5|16.7
MN3_10055595,3,315.0440842762267,0.03388,190,192|189|188|196|198|199|194|207|191|205,1|0.96|0.94|0.89|0.88|0.84|0.83|0.82|0.81|0.79,4.5|9.3|8.4|8.7|2.9|7.9|18.1|3.4|15.9|3
MN3_8693286,3,320.85090781241115,0.14759,191,199|196|198|193|192|200|187|202|195|197,1|1|1|1|1|1|1|0.97|0.94|0.94,10.7|9.8|4.6|3.8|3.8|3.1|3|21.3|21.8|7.8
MASC02770,3,320.85090781241115,0.,192,188|190|195|191|194|178|189|193|202|197,1|1|1|1|1|1|0.93|0.92|0.87|0.82,5|4.5|4.1|3.8|3.7|2.8|7.4|16.5|2.7|5.7
MN3_9547648,3,323.0622583359296,0.059,193,196|188|195|194|191|200|285|189|192|197,1|1|1|1|1|1|1|0.95|0.92|0.86,7.3|4.2|4|4|3.8|2.2|2.1|8.2|16.5|6.7
MN3_9279089,3,323.0622583359296,0.,194,189|198|193|192|200|199|196|195|191|188,1|1|1|1|1|0.96|0.95|0.91|0.91|0.89,10.4|4|4|3.7|2.7|9.2|8.9|21|20.5|6.2
MASC04510,3,325.6215145818416,0.06796,195,196|192|193|118|189|199|191|194|205|95,1|1|1|1|0.95|0.95|0.94|0.91|0.91|0.88,9.8|4.1|4|2.9|8.3|8.3|21.8|21|3.7|2.9
MN3_8828575,3,325.6215145818416,0.,196,199|191|195|198|193|200|194|203|190|202,1|1|1|1|1|1|0.95|0.9|0.89|0.83,30.3|9.8|9.8|8.2|7.3|7|8.9|6.3|8.7|6.2
MASC04053,3,381.4626049560009,0.78468,197,202|203|200|198|201|191|195|204|193|205,1|1|1|1|1|0.94|0.87|0.86|0.86|0.83,11.2|8.9|8.4|8.3|5.3|7.8|7.7|5.2|6.7|7.7
MN3_7917701,3,381.4626049560009,0.,198,197|196|199|191|194|202|203|200|201|190,1|1|1|1|1|1|1|0.93|0.88|0.88,8.3|8.2|7.3|4.6|4|3.6|2.2|17.3|14.7|2.9
NMSNP3-8447967,3,381.4626049560009,0.,199,196|191|198|200|194|195|202|203|190|205,1|1|1|1|0.96|0.95|0.86|0.84|0.84|0.76,30.3|10.7|7.3|6.5|9.2|8.3|6.8|4.4|7.9|5.6
MN3_7225496,3,381.4626049560009,0.,200,197|196|199|191|194|202|203|193|217|204,1|1|1|1|1|1|1|1|1|0.93,8.4|7|6.5|3.1|2.7|2.4|2.3|2.2|1.8|18.7
MN3_10382169,3,384.4070221260055,0.07778,201,197|200|198|187|204|190|208|215|163|191,1|0.9|0.88|0.88|0.74|0.64|0.54|0.54|0.44|0.43,5.3|10.5|14.7|11.1|7.6|2.9|4.1|4|3|1.7
MN3_8190264,3,414.030188604102,0.5572,202,197|205|203|198|200|191|192|199|193|196,1|1|1|1|1|0.97|0.87|0.86|0.85|0.83,11.2|4.5|3.6|3.6|2.4|21.3|2.7|6.8|2.3|6.2
MASC01672,3,414.030188604102,0.,203,197|207|202|200|198|204|196|199|188|205,1|1|1|1|1|1|0.9|0.84|0.83|0.83,8.9|4|3.6|2.3|2.2|1.9|6.3|4.4|4.7|2.1
MN3_5910420,3,414.030188604102,0.,204,206|207|205|212|217|203|87|200|197|209,1|1|1|1|1|1|1|0.93|0.86|0.86,8.1|3.9|3.8|3.3|2.6|1.9|1.4|18.7|5.2|5.1
MASC04279,3,414.030188604102,0.,205,206|202|212|204|217|195|191|200|208|207,1|1|1|1|1|0.91|0.9|0.89|0.87|0.83,11.4|4.5|4.2|3.8|3|3.7|3.5|3|2.8|19.2
MASC04409,3,414.030188604102,0.,206,205|204|207|200|203|208|202|214|210|212,1|1|0.9|0.83|0.78|0.77|0.75|0.68|0.65|0.65,11.4|8.1|9.2|5.6|5|4.7|5.2|4.9|12.7|4.1
NMSNP3-5091855,3,417.0211636083467,0.07896,207,208|203|204|212|206|209|216|214|205|210,1|1|1|0.9|0.9|0.9|0.89|0.88|0.83|0.83,4.5|4|3.9|3.3|9.2|9.2|20.2|20|19.2|7.9
MN3_4470311,3,417.0211636083467,0.,208,210|209|207|216|220|214|212|217|215|218,1|1|1|1|1|1|1|1|0.93|0.88,7.9|6.7|4.5|4.1|3.9|3.9|3|2.6|18.8|3
PIE1_701,3,417.0211636083467,0.,209,214|216|208|212|218|217|215|207|204|219,1|1|1|0.97|0.95|0.94|0.91|0.9|0.86|0.83,13.3|12.2|6.7|9.9|9.2|7.7|6.3|9.2|5.1|5.9
PIE1_1867,3,472.862253982506,0.78468,210,216|214|208|211|212|215|218|207|220|203,1|1|1|1|0.95|0.91|0.89|0.83|0.8|0.8,10.9|10.8|7.9|5.3|8.6|6.1|8.7|7.9|6.8|3.9
MN3_3344789,3,472.862253982506,0.,211,210|214|219|203|220|218|216|221|222|193,1|0.82|0.77|0.75|0.71|0.64|0.6|0.6|0.58|0.44,5.3|3.8|8|7.4|3.2|2.9|2.5|2.6|2.4|2.9
MASC00564,3,498.8854619241597,0.51112,212,218|205|215|204|208|187|209|210|207|217,1|1|1|1|1|1|0.97|0.95|0.9|0.89,4.9|4.2|3.4|3.3|3|2|9.9|8.6|3.3|16.4
RGL2_617,3,522.5640460657191,0.47856,213,223|219|220|222|221|207|214|203|205|217,1|0.94|0.85|0.85|0.83|0.76|0.71|0.7|0.65|0.63,11.6|7.3|7|6.7|6.3|5.9|5.4|4.1|4.3|3.7
PIE1_7118,3,531.8704111871224,0.2258,214,216|209|210|208|218|219|207|212|224|220,1|1|1|1|0.91|0.89|0.88|0.88|0.86|0.86,27.7|13.3|10.8|3.9|21.7|3|20|2.9|7.6|19.3
SPY_5334,3,537.0848490543601,0.13359,215,218|220|221|212|222|217|165|208|210|209,1|1|1|1|1|1|1|0.93|0.91|0.91,4.5|4.3|3.4|3.4|3.3|3|2.4|18.8|6.1|6.3
PIE1_9146,3,541.5149839040014,0.1147,216,214|209|210|208|218|207|212|215|161|224,1|1|1|1|0.89|0.89|0.87|0.85|0.85|0.79,27.7|12.2|10.9|4.1|20.4|20.2|2.6|2.4|2.4|6.8
MN3_2565035,3,548.4244764595772,0.17305,217,224|218|205|215|208|204|187|200|209|212,1|1|1|1|1|1|1|1|0.94|0.89,8|3.2|3|3|2.6|2.6|1.9|1.8|7.7|16.4
SPY_1453,3,548.4244764595772,0.,218,212|215|217|209|214|224|210|216|208|220,1|1|1|0.95|0.91|0.91|0.89|0.89|0.88|0.83,4.9|4.5|3.2|9.2|21.7|10|8.7|20.4|3|18.7
MN3_1803905,3,558.3074756203325,0.23798,219,220|221|222|288|213|214|209|224|27|211,1|1|1|1|0.94|0.89|0.83|0.8|0.78|0.77,4.4|4.3|3.8|1.5|7.3|3|5.9|5.3|1.6|8
MN3_2236560,3,558.3074756203325,0.,220,224|219|215|208|221|222|214|213|218|210,1|1|1|1|0.89|0.89|0.86|0.85|0.83|0.8,11.6|4.4|4.3|3.9|21.7|20.7|19.3|7|18.7|6.8
FLK_958,3,561.5162473967121,0.08446,221,222|219|215|220|224|208|213|203|225|209,1|1|1|0.89|0.86|0.84|0.83|0.8|0.8|0.79,29.2|4.3|3.4|21.7|7.4|2.3|6.3|1.9|6.3|6.7
FLK_2200,3,561.5162473967121,0.,222,221|219|215|220|224|213|208|225|214|209,1|1|1|0.89|0.85|0.85|0.83|0.8|0.76|0.75,29.2|3.8|3.3|20.7|7|6.7|2.1|6.2|14.9|5.5
RGL2_3396,3,571.366334617906,0.23729,223,213|225|220|222|205|207|219|224|217|209,1|0.95|0.71|0.7|0.69|0.67|0.61|0.6|0.58|0.44,11.6|8.6|2|1.8|1.7|1.7|1.2|4|8.1|2.6
MN3_2232003,3,584.8648298699087,0.3101,224,220|217|218|214|221|222|215|219|216|208,1|1|0.91|0.86|0.86|0.85|0.82|0.8|0.79|0.75,11.6|8|10|7.6|7.4|7|5.7|5.3|6.8|5.3
MN3_580517,3,595.8357340233626,0.26044,225,223|222|221|219|224|212|220|217|218|215,0.95|0.8|0.8|0.77|0.67|0.58|0.57|0.57|0.53|0.51,8.6|6.2|6.3|5.4|13.8|2.9|3.8|2.7|3.5|2.3
MASC03594,4,0,NA,226,232|233|228|227|239|241|235|238|231|274,1|1|1|1|0.88|0.87|0.85|0.75|0.69|0.68,4|3.2|3.1|3|2.7|2.5|2.2|1.4|1.7|2.2
NMSNP4-17038400,4,0.,0.,227,232|235|230|231|237|242|234|226|228|229,1|1|1|1|1|1|1|1|0.97|0.91,4.1|3.9|3.9|3.7|3.4|3.2|3.1|3|22.1|6.4
MASC07250,4,0.8479929207860668,0.02305,228,232|230|235|237|231|236|234|226|27|35,1|1|1|1|1|1|1|1|1|1,4.2|3.9|3.7|3.5|3.4|3.3|3.2|3.1|2.9|2.4
MN4_16742072,4,3.3394261766829167,0.06622,229,231|235|242|228|227|238|234|230|232|237,1|1|1|0.92|0.91|0.86|0.81|0.81|0.78|0.72,8.4|8.1|7.7|6.6|6.4|7.2|6.8|5.5|4.7|5.5
FD_1596,4,9.168012719713545,0.1481,230,228|227|242|233|231|232|235|238|240|229,1|1|1|1|0.94|0.87|0.87|0.83|0.82|0.81,3.9|3.9|3.1|2.8|19.8|17.4|16.9|2.1|2|5.5
MN4_16547251,4,11.020211398977295,0.04966,231,235|229|227|228|238|240|248|242|233|230,1|1|1|1|1|1|1|1|1|0.94,23.4|8.4|3.7|3.4|3.4|3.2|2.7|2.6|2.5|19.8
MASC09216,4,16.0491937954897,0.12916,232,228|227|226|233|242|230|240|231|238|236,1|1|1|1|1|0.87|0.85|0.84|0.83|0.81,4.2|4.1|4|2.8|2.6|17.4|2.3|16.2|2.1|1.9
MN4_18371994,4,16.0491937954897,0.,233,236|226|239|241|232|230|235|231|247|245,1|1|1|1|1|1|1|1|1|1,3.4|3.2|3|3|2.8|2.8|2.7|2.5|2.2|1.9
MN4_15662175,4,71.890284169649,0.78468,234,241|238|228|227|237|242|243|271|249|229,1|1|1|1|0.91|0.83|0.83|0.83|0.82|0.81,4.3|4.1|3.2|3.1|19.4|2.2|6|2|2|6.8
MN4_16383274,4,127.73137454380829,0.78468,235,231|229|227|228|240|238|248|233|242|243,1|1|1|1|1|1|1|1|1|0.89,23.4|8.1|3.9|3.7|3.7|3.4|3|2.7|2.3|5.7
MN4_18560346,4,183.57246491796758,0.78468,236,233|228|237|227|232|234|242|238|226|259,1|1|0.83|0.81|0.81|0.8|0.72|0.6|0.58|0.58,3.4|3.3|2.1|1.9|1.9|1.8|11.3|1.2|1.1|3.1
MN4_15087653,4,188.8881925608069,0.136,237,241|238|228|227|246|243|244|234|250|245,1|1|1|1|0.96|0.93|0.92|0.91|0.87|0.86,4.2|4|3.5|3.4|9.6|7.1|22|19.4|2.8|2.6
MN4_15865150,4,188.8881925608069,0.,238,239|234|237|231|235|247|245|246|244|241,1|1|1|1|1|1|1|0.96|0.88|0.88,4.1|4.1|4|3.4|3.4|3.2|3.1|9.1|3|2.9
MASC03998,4,188.8881925608069,0.,239,240|238|248|233|241|227|226|228|235|243,1|1|1|1|0.94|0.88|0.88|0.87|0.84|0.81,4.2|4.1|3.4|3|22.4|2.9|2.7|2.6|16.5|5.8
MN4_14732051,4,188.8881925608069,0.,240,243|241|239|249|247|235|245|231|246|244,1|1|1|1|1|1|1|1|0.97|0.91,11.8|4.8|4.2|3.9|3.8|3.7|3.6|3.2|10.3|3.8
MASC03336,4,188.8881925608069,0.,241,240|234|237|248|233|239|238|226|245|228,1|1|1|1|1|0.94|0.88|0.87|0.86|0.86,4.8|4.3|4.2|4.2|3|22.4|2.9|2.5|16.4|2.5
MN4_16888200,4,244.7292829349662,0.78468,242,229|227|230|232|231|235|253|228|237|234,1|1|1|1|1|1|1|0.85|0.84|0.83,7.7|3.2|3.1|2.6|2.6|2.3|1.7|2.3|2.2|2.2
MN4_14379736,4,253.91513685242785,0.22323,243,240|247|245|244|237|252|250|235|231|255,1|1|1|0.95|0.93|0.91|0.9|0.89|0.86|0.86,11.8|7.7|7.4|8.6|7.1|6.5|6|5.7|5.1|4.8
VIN3L_4569,4,255.40487643382068,0.04014,244,246|243|237|240|238|250|245|228|227|249,1|0.95|0.92|0.91|0.88|0.88|0.86|0.85|0.84|0.84,13.6|8.6|22|3.8|3|2.9|2.6|2.5|2.3|2.3
MASC03154,4,259.5062593969706,0.10666,245,243|240|238|248|233|247|246|251|244|241,1|1|1|1|1|0.93|0.93|0.89|0.86|0.86,7.4|3.6|3.1|3|1.9|19.3|7|5.1|2.6|16.4
MN4_14935855,4,261.6465751062945,0.05716,246,244|240|237|238|245|250|228|247|249|253,1|0.97|0.96|0.96|0.93|0.92|0.82|0.8|0.78|0.77,13.6|10.3|9.6|9.1|7|6.9|5.7|5.2|4.8|4.5
MN4_14177230,4,267.7855241775722,0.15534,247,243|240|238|248|249|233|250|245|251|252,1|1|1|1|1|1|0.94|0.93|0.89|0.84,7.7|3.8|3.2|3.1|2.3|2.2|19.6|19.3|5.4|16.1
MN4_13753532,4,267.7855241775722,0.,248,241|252|250|239|249|247|245|235|253|231,1|1|1|1|1|1|1|1|1|1,4.2|3.8|3.5|3.4|3.3|3.1|3|3|2.9|2.7
MN4_13576438,4,267.7855241775722,0.,249,256|240|248|262|250|253|247|255|252|254,1|1|1|1|1|1|1|1|1|0.9,6.7|3.9|3.3|2.9|2.7|2.4|2.3|2.2|2.1|6
MASC03074,4,267.7855241775722,0.,250,257|248|258|249|252|256|247|253|255|254,1|1|1|1|0.98|0.95|0.94|0.94|0.93|0.93,4.1|3.5|3.4|2.7|24.2|8.7|19.6|19.5|18.9|7.3
MN4_12326350,4,270.0544993130526,0.06049,251,254|258|252|253|255|262|248|257|250|247,1|1|1|1|1|0.95|0.95|0.94|0.92|0.89,28.9|11.4|8.2|7.2|6.5|7.9|8|7.7|6.8|5.4
MN4_13078471,4,270.0544993130526,0.,252,254|251|248|258|257|249|250|253|255|256,1|1|1|1|1|1|0.98|0.97|0.97|0.95,8.9|8.2|3.8|3.7|3.5|2.1|24.2|21.7|21.1|8.4
MN4_12195812,4,270.9144050950887,0.02337,253,255|256|254|251|257|248|249|383|242|252,1|1|1|1|1|1|1|1|1|0.97,22|9.4|7.5|7.2|3.6|2.9|2.4|2|1.7|21.7
AGL24_59,4,270.9144050950887,0.,254,251|258|252|253|255|257|262|250|248|249,1|1|1|1|1|0.96|0.94|0.93|0.92|0.9,28.9|10.9|8.9|7.5|6.9|8.8|7.3|7.3|6.5|6
MASC04642,4,270.9144050950887,0.,255,253|259|256|254|251|257|258|248|249|252,1|1|1|1|1|1|1|1|1|0.97,22|10|9.7|6.9|6.5|3.8|3.3|2.6|2.2|21.1
AGL24_2913,4,270.9144050950887,0.,256,255|253|258|257|249|250|252|264|263|261,1|1|1|1|1|0.95|0.95|0.89|0.79|0.78,9.7|9.4|8.9|8.6|6.7|8.7|8.4|5.2|5|4.9
NMSNP4-11326190,4,270.9144050950887,0.,257,256|262|250|255|253|252|254|251|259|258,1|1|1|1|1|1|0.96|0.94|0.93|0.86,8.6|4.3|4.1|3.8|3.6|3.5|8.8|7.7|7.1|2.6
SLY1_2145,4,275.03003769060234,0.10701,258,251|254|256|252|250|255|257|388|259|271,1|1|1|1|1|1|0.86|0.86|0.84|0.83,11.4|10.9|8.9|3.7|3.4|3.3|2.6|2.4|6.3|2.1
MN4_11579839,4,279.9352129001974,0.12619,259,255|264|261|253|257|272|252|268|258|273,1|1|1|0.96|0.93|0.92|0.89|0.86|0.84|0.82,10|8.6|7.2|8.5|7.1|6.3|8.4|6.6|6.3|5.6
NMSNP4-10977574,4,335.77630327435674,0.78468,260,262|257|269|274|258|261|234|237|271|270,1|0.86|0.85|0.85|0.81|0.45|0.41|0.4|0.39|0.38,15.9|3.7|9.6|9.1|9|1.8|2.6|2.5|1.5|1.4
MN4_10482087,4,356.1736358829212,0.42932,261,266|259|262|92|96|99|264|272|267|265,1|1|1|1|1|1|1|1|0.89|0.88,9.6|7.2|3.8|2.9|2.9|2.7|2.5|1.9|5.8|18.7
PHYE_2771,4,356.1736358829212,0.,262,266|257|261|272|264|249|280|260|251|254,1|1|1|1|1|1|1|1|0.95|0.94,10.8|4.3|3.8|3.3|3.2|2.9|2.7|15.9|7.9|7.3
MN4_9276346,4,367.128317791353,0.26011,263,265|266|267|275|269|273|96|272|268|92,1|1|1|1|1|1|1|1|1|1,26.8|9.3|9.1|8.4|4.4|2.6|2.6|2.4|2.4|2.4
NMSNP4-10276307,4,374.9330412658623,0.19316,264,259|269|262|261|248|266|272|256|275|268,1|1|1|1|1|0.94|0.9|0.89|0.88|0.83,8.6|3.7|3.2|2.5|2|7.8|16.7|5.2|5.1|14.5
PHYD_1815,4,430.7741316400216,0.78468,265,263|266|275|267|269|96|92|99|273|268,1|1|1|1|1|1|1|1|1|1,26.8|9.2|8.6|8.4|4.6|3.4|3.2|2.8|2.3|2.1
MASC03263,4,430.7741316400216,0.,266,262|261|263|265|272|264|269|275|270|273,1|1|1|1|1|0.94|0.93|0.91|0.84|0.84,10.8|9.6|9.3|9.2|8.2|7.8|7.7|23.7|7.9|6
ESD4_1925,4,486.6152220141809,0.78468,267,274|269|271|270|263|265|273|268|272|261,1|1|1|1|1|1|1|1|1|0.89,20.9|10.9|10.5|9.7|9.1|8.4|8.3|7.5|6.5|5.8
PHYD_3586,4,486.6152220141809,0.,268,273|275|267|274|269|271|270|263|265|272,1|1|1|1|1|1|1|1|1|0.97,23.1|7.8|7.5|6.8|3.8|2.9|2.4|2.4|2.1|19.2
PHYD_2806,4,486.6152220141809,0.,269,267|275|274|265|263|271|270|268|264|273,1|1|1|1|1|1|1|1|1|1,10.9|9.3|8.8|4.6|4.4|4.1|3.9|3.8|3.7|3.6
ESD4_1150,4,486.6152220141809,0.,270,275|267|269|276|273|268|272|271|265|262,1|1|1|1|1|1|1|0.94|0.89|0.88,11|9.7|3.9|3.7|2.7|2.4|2.3|20|3|2.8
MN4_8177683,4,488.50149144729767,0.05055,271,267|269|276|273|268|272|279|275|270|262,1|1|1|1|1|1|0.97|0.96|0.94|0.89,10.5|4.1|4|2.9|2.9|2.6|10.1|9.1|20|3
NMSNP4-9377790,4,488.50149144729767,0.,272,266|267|274|275|262|269|271|263|270|261,1|1|1|1|1|1|1|1|1|1,8.2|6.5|6.5|5.7|3.3|3.1|2.6|2.4|2.3|1.9
NMSNP4-9315210,4,489.51437710679903,0.02747,273,268|267|275|274|269|271|270|263|265|272,1|1|1|1|1|1|1|1|1|0.96,23.1|8.3|7.2|6.7|3.6|2.9|2.7|2.6|2.3|19.2
MN4_8789187,4,489.51437710679903,0.,274,267|269|268|273|272|277|260|262|264|278,1|1|1|1|1|0.88|0.85|0.83|0.74|0.73,20.9|8.8|6.8|6.7|6.5|13.2|9.1|5.2|3.1|9.2
MASC03269,4,545.3554674809583,0.78468,275,270|269|265|263|268|273|272|280|271|276,1|1|1|1|1|1|1|1|0.96|0.93,11|9.3|8.6|8.4|7.8|7.2|5.7|4.6|9.1|7
MASC03250,4,547.4372067392173,0.05564,276,271|270|329|330|92|96|99|280|275|278,1|1|1|1|1|1|1|1|0.93|0.85,4|3.7|2.6|2.2|2.1|2|1.9|1|7|4.6
MASC00093,4,555.3782945743151,0.19618,277,274|269|271|278|276|262|270|265|267|263,0.88|0.87|0.86|0.85|0.75|0.73|0.7|0.69|0.67|0.66,13.2|7.2|7|20.4|4.3|5.7|4.2|4.2|12.8|3.6
MASC05017,4,559.8474715598181,0.11565,278,276|277|262|274|265|269|281|258|271|261,0.85|0.85|0.74|0.73|0.72|0.66|0.64|0.64|0.63|0.62,4.6|20.4|5|9.2|4.6|4.3|13.1|3.5|4.4|3.6
MASC00122,4,615.6885619339774,0.78468,279,280|271|269|262|270|272|266|275|276|264,1|0.97|0.95|0.94|0.88|0.77|0.73|0.71|0.66|0.63,7.7|10.1|8.9|8|7.4|4.3|16.5|14.2|3.1|3.7
MASC04672,4,615.6885619339774,0.,280,279|275|269|262|265|140|143|276|344|266,1|1|1|1|1|1|1|1|0.81|0.77,7.7|4.6|3.1|2.7|1.4|1.2|1.2|1|1.9|4.5
PERL0700458,4,627.8250686450399,0.28377,281,282|283|287|278|280|274|284|276|286|277,0.77|0.77|0.65|0.64|0.64|0.61|0.6|0.56|0.56|0.54,17.8|3.5|4.1|13.1|2.9|6.1|2.5|2.9|10|9.8
MASC09225,4,635.1231545535628,0.18184,282,285|283|284|288|286|293|281|287|294|297,1|1|1|0.92|0.81|0.78|0.77|0.74|0.71|0.63,7.6|7.6|6.8|6.6|18.5|4.7|17.8|5.2|4.6|2.9
MASC04881,4,635.1231545535628,0.,283,282|289|286|287|185|233|284|291|285|292,1|1|1|1|1|1|0.96|0.9|0.86|0.8,7.6|7.5|5.1|2.3|1.6|1.4|17.2|5.4|14.2|4.7
PERL0692204,4,636.2693955471249,0.03103,284,289|282|292|291|286|287|296|269|290|283,1|1|1|1|1|1|1|1|1|0.96,6.9|6.8|6.7|5.6|4.8|2.4|2.4|2|1.3|17.2
GA1_8429,4,640.8435775856085,0.1182,285,291|282|286|296|287|193|185|290|292|288,1|1|1|1|1|1|1|1|0.94|0.93,8.5|7.6|7.2|3.2|2.4|2.1|2.1|1.7|7.4|17
GA1_5420,4,640.8435775856085,0.,286,287|290|285|283|284|296|294|288|297|282,1|1|1|1|1|0.94|0.88|0.87|0.84|0.81,8.9|8.3|7.2|5.1|4.8|7.8|7.9|5|4.2|18.5
NMSNP4-1585200,4,640.8435775856085,0.,287,295|286|296|126|285|284|283|288|290|291,1|1|1|1|1|1|1|1|1|0.98,10.8|8.9|3.7|3|2.4|2.4|2.3|2.2|21.1|11.1
MASC02790,4,640.8435775856085,0.,288,295|292|296|294|287|185|290|219|297|285,1|1|1|1|1|1|1|1|1|0.93,9.8|8.7|3|2.6|2.2|2.1|1.8|1.5|1.1|17
MN4_2241604,4,644.9160712932785,0.10595,289,283|284|151|285|288|287|293|294|296|290,1|1|0.95|0.9|0.86|0.8|0.78|0.73|0.67|0.64,7.5|6.9|2.8|5.8|5|5.4|5|5.7|4.5|3.6
MASC04658,4,656.979541315636,0.28233,290,291|292|286|129|126|288|285|284|287|295,1|1|1|1|1|1|1|1|1|0.91,13|12|8.3|3.1|2.9|1.8|1.7|1.3|21.1|8.7
GA1_2963,4,656.979541315636,0.,291,290|297|285|284|292|287|296|288|295|283,1|1|1|1|0.98|0.98|0.94|0.92|0.91|0.9,13|9.7|8.5|5.6|30.2|11.1|8.1|6.4|25.7|5.4
MASC05116,4,657.5324508626529,0.01509,292,290|288|297|284|291|287|295|293|296|285,1|1|1|1|0.98|0.97|0.96|0.96|0.94|0.94,12|8.7|8.3|6.7|30.2|10|28.6|9|8.1|7.4
FRI_2343,4,658.7549538816957,0.03306,293,295|296|294|297|292|288|344|291|289|282,1|1|1|1|0.96|0.9|0.87|0.85|0.78|0.78,10.8|3.8|3.7|1.7|9|17.8|2.7|6.4|5|4.7
NMSNP4-270272,4,658.7549538816957,0.,294,296|293|297|288|295|286|290|269|287|208,1|1|1|1|0.92|0.88|0.85|0.85|0.85|0.77,3.8|3.7|3|2.6|7.4|7.9|2.4|2.3|2.3|1.5
MASC02680,4,660.984471438901,0.05947,295,293|287|296|297|288|292|294|291|290|284,1|1|1|1|1|0.96|0.92|0.91|0.91|0.89,10.8|10.8|10.4|9.9|9.8|28.6|7.4|25.7|8.7|5.3
FRI_725,4,660.984471438901,0.,296,295|294|293|287|297|285|288|284|291|292,1|1|1|1|1|1|1|1|0.94|0.94,10.4|3.8|3.8|3.7|3.4|3.2|3|2.4|8.1|8.1
MN4_48812OK,4,660.984471438901,0.,297,295|291|292|296|294|129|126|122|293|288,1|1|1|1|1|1|1|1|1|1,9.9|9.7|8.3|3.4|3|2.2|2|1.8|1.7|1.1
CDF1_2448,5,0,NA,298,300|301|304|309|299|307|311|302|306|303,1|1|1|1|1|1|0.98|0.96|0.96|0.95,11.3|11|10.9|10.4|10|8.5|8|9.4|9|7.9
MN5_25819956,5,0.,0.,299,298|316|309|304|300|301|307|305|314|308,1|1|1|1|1|1|1|0.97|0.95|0.95,10|5.4|4.3|4.3|4.1|3.8|3.7|24|8.4|8.6
MASC07297,5,0.,0.,300,302|301|303|312|298|308|305|299|315|318,1|1|1|1|1|1|1|1|1|1,25.8|23.8|23.5|18.7|11.3|10.2|4.8|4.1|4|3.7
ELF5_3032,5,0.,0.,301,300|312|298|308|299|315|318|304|309|317,1|1|1|1|1|1|1|1|1|1,23.8|18|11|10.5|3.8|3.3|3.3|2.6|2.1|1.9
MASC01180,5,1.7147091852168845,0.04606,302,300|303|312|305|315|318|304|307|317|309,1|1|1|1|1|1|1|1|1|1,25.8|25.4|17.1|4.4|4.3|4.2|2.6|2.2|2.2|2
MN5_24832902,5,1.7147091852168845,0.,303,302|300|305|315|318|304|309|317|323|312,1|1|1|1|1|1|1|1|1|1,25.4|23.5|4.4|3.7|3.4|2.5|2.2|2|1.8|15
ELF5_1789,5,1.7147091852168845,0.,304,298|311|308|299|301|300|302|303|313|309,1|1|1|1|1|1|1|1|1|1,10.9|10.1|7.4|4.3|2.6|2.6|2.6|2.5|2.3|20.8
MN5_26438023,5,5.2654693848168215,0.09303,305,314|300|302|303|299|310|301|304|308|307,1|1|1|1|0.97|0.95|0.9|0.88|0.88|0.88,11.2|4.8|4.4|4.4|24|9.5|3.5|2.9|8.1|2.8
REV_596,5,61.10655975897612,0.78468,306,318|315|317|323|301|303|312|298|302|300,1|1|1|1|0.97|0.97|0.96|0.96|0.94|0.94,4.1|4|2.6|2.2|22.2|20.9|14.9|9|21.7|21.5
MN5_26029439,5,116.94765013313541,0.78468,307,311|298|299|302|308|305|304|320|309|314,1|1|1|1|0.88|0.88|0.87|0.84|0.81|0.79,9|8.5|3.7|2.2|5.3|2.8|17|2.2|12.7|4.8
CDF1_696,5,120.6140634430757,0.09591,308,301|300|304|317|309|299|303|302|318|315,1|1|1|1|1|0.95|0.94|0.93|0.9|0.88,10.5|10.2|7.4|5.2|5.2|8.6|7.8|7.4|9.1|8.3
NMSNP5-24996685,5,120.6140634430757,0.,309,298|311|308|299|315|303|318|301|302|313,1|1|1|1|1|1|1|1|1|1,10.4|10.2|5.2|4.3|2.7|2.2|2.1|2.1|2|2
MN5_26220737,5,130.14611041063117,0.23059,310,305|318|299|300|302|301|303|306|328|315,0.95|0.92|0.91|0.88|0.88|0.87|0.84|0.81|0.8|0.8,9.5|7.3|6.8|7.8|7.6|7.2|6|6.7|5|5.5
BFT_297,5,185.98720078479045,0.78468,311,309|304|307|312|298|317|315|318|323|329,1|1|1|1|0.98|0.86|0.86|0.85|0.52|0.43,10.2|10.1|9|3.6|8|6.5|5.5|5.4|2.8|2.8
CDF1_1519,5,186.04797882131535,0.00167,312,300|301|302|311|303|306|313|321|328|318,1|1|1|1|1|0.96|0.96|0.66|0.61|0.58,18.7|18|17.1|3.6|15|14.9|14.6|6|5.1|2.6
MASC01063,5,187.14471638840232,0.02971,313,318|315|317|304|309|323|319|312|306|303,1|1|1|1|1|1|0.97|0.96|0.94|0.9,4|3.8|2.4|2.3|2|1.6|10.7|14.6|20.6|17.3
MN5_26877341,5,199.05447790655091,0.27929,314,305|299|318|315|307|331|313|302|306|300,1|0.95|0.89|0.8|0.79|0.65|0.64|0.64|0.62|0.61,11.2|8.4|8.1|6.4|4.8|4.1|3.1|3.1|3.2|2.8
MN5_24131319,5,205.25762992748204,0.15683,315,318|319|324|320|322|302|300|306|313|342,1|1|1|1|1|1|1|1|1|1,28.8|6.6|5.6|5.6|4.8|4.3|4|4|3.8|3.8
MN5_26380009,5,210.76282336586732,0.14049,316,299|318|315|319|305|324|331|320|314|322,1|0.87|0.82|0.8|0.73|0.71|0.68|0.63|0.53|0.43,5.4|10.8|9.4|2.9|4.1|3.7|6|3.7|8.8|1.9
MN5_23722677,5,266.6039137400266,0.78468,317,308|320|322|318|315|306|313|302|334|300,1|1|1|1|1|1|1|1|1|1,5.2|3.7|3.2|2.8|2.7|2.6|2.4|2.2|2.2|2.1
NMSNP5-23815532,5,266.6039137400266,0.,318,315|319|324|320|322|302|306|313|342|300,1|1|1|1|1|1|1|1|1|1,28.8|8.1|5.5|5.4|5|4.2|4.1|4|3.9|3.7
MN5_23413242,5,266.6039137400266,0.,319,318|315|313|320|322|317|321|324|306|323,1|1|0.97|0.96|0.94|0.92|0.86|0.84|0.82|0.81,8.1|6.6|10.7|9.9|7.8|6.5|6.5|6.6|7|5.1
VIN3_300,5,267.6901592383889,0.02943,320,322|315|318|331|321|317|325|319|324|307,1|1|1|1|1|1|0.96|0.96|0.89|0.84,28.1|5.6|5.4|4.7|4.4|3.7|10.1|9.9|21.5|2.2
MN5_22414731,5,267.6901592383889,0.,321,325|320|324|322|38|323|326|319|318|331,1|1|1|1|1|1|0.9|0.86|0.84|0.81,6.5|4.4|3.9|3.2|1.7|1.2|18.2|6.5|2.3|1.9
VIN3_2713,5,267.6901592383889,0.,322,320|318|315|331|321|317|325|319|313|327,1|1|1|1|1|1|0.95|0.94|0.86|0.86,28.1|5|4.8|4.5|3.2|3.2|9|7.8|2.6|7.1
NMSNP5-21881254,5,282.84391561609345,0.3408,323,325|333|172|306|302|303|326|313|300|301,1|1|1|1|1|1|1|1|1|1,7.2|5.3|3.2|2.2|2|1.8|1.7|1.6|1.6|1.5
MN5_22627502,5,288.9570431304513,0.15474,324,315|318|331|321|325|320|322|319|332|327,1|1|1|1|0.97|0.89|0.84|0.84|0.82|0.82,5.6|5.5|5.3|3.9|11|21.5|17.4|6.6|7.1|7.3
MN5_22116737,5,289.722869229784,0.02084,325,326|323|321|324|320|322|334|318|331|315,1|1|1|0.97|0.96|0.95|0.87|0.87|0.87|0.86,8.2|7.2|6.5|11|10.1|9|7.3|7.6|7.3|7.3
NMSNP5-21319032,5,289.722869229784,0.,326,325|331|323|321|327|318|299|328|324|319,1|1|1|0.9|0.9|0.87|0.84|0.84|0.78|0.74,8.2|3.7|1.7|18.2|6.3|2.7|2.3|15.2|2.7|5.8
MN5_21039080,5,292.6901633099515,0.07836,327,331|329|323|326|334|322|318|340|342|330,1|0.95|0.92|0.9|0.87|0.86|0.86|0.86|0.85|0.84,9.5|8.9|6.6|6.3|7.5|7.1|7|7.2|6.5|6.2
MN5_20318139,5,300.5616504576231,0.19464,328,331|330|323|334|326|325|299|310|315|318,1|1|1|0.85|0.84|0.83|0.82|0.8|0.8|0.78,2.6|1.9|1.2|2.4|15.2|4.3|2|5|1.8|1.7
NMSNP5-20915321,5,356.4027408317824,0.78468,329,276|327|330|323|333|334|261|265|332|325,1|0.95|0.91|0.91|0.9|0.86|0.83|0.8|0.75|0.75,2.6|8.9|20.3|18.8|6.1|2.5|2.1|1.9|4.8|5.4
MN5_20021652,5,358.9499044067655,0.06765,330,333|276|328|329|323|334|327|112|111|318,1|1|1|0.91|0.86|0.85|0.84|0.83|0.81|0.81,8.4|2.2|1.9|20.3|14.8|2.5|6.2|2.1|1.9|1.9
MASC01039,5,372.74477208035404,0.3157,331,335|327|324|334|340|320|322|342|326|337,1|1|1|1|1|1|1|1|1|1,11.4|9.5|5.3|4.9|4.7|4.7|4.5|4.4|3.7|3.6
MN5_19415082,5,374.3688700405792,0.04368,332,334|340|333|342|337|331|324|322|336|330,1|0.98|0.97|0.97|0.97|0.94|0.82|0.81|0.79|0.79,13.4|11.3|25.6|10.4|9.6|8.3|7.1|6.5|6.3|5
MN5_19503546,5,375.1339533958253,0.02082,333,330|323|338|332|334|331|329|340|342|337,1|1|1|0.97|0.96|0.95|0.9|0.89|0.88|0.87,8.4|5.3|5.1|25.6|9.2|8|6.1|8.4|7.9|7.2
MN5_19316033,5,376.29445787748097,0.03141,334,332|331|338|317|335|333|339|315|318|327,1|1|1|1|0.97|0.96|0.9|0.89|0.88|0.87,13.4|4.9|3.1|2.2|10.5|9.2|6.4|3.1|3|7.5
MN5_19124078,5,377.23114627405283,0.02543,335,331|334|340|342|337|336|341|328|324|344,1|0.97|0.9|0.87|0.85|0.85|0.8|0.74|0.73|0.71,11.4|10.5|9|7.8|6.8|6.8|20.4|4.9|6.7|6.2
MN5_16964744,5,381.7876003102394,0.11777,336,341|339|344|331|348|375|381|96|338|340,1|1|1|1|1|1|1|1|1|0.86,12|7.7|4.5|3.2|3.1|3.1|3|2.8|2.2|18.7
MASC01056,5,386.7148381815908,0.12672,337,340|342|341|339|331|370|338|153|150|317,1|1|1|1|1|1|1|1|1|1,27.4|25|10.8|8.7|3.6|2.9|2.8|2.3|1.8|1.6
MASC02450,5,386.7148381815908,0.,338,339|341|333|344|334|340|337|342|336|345,1|1|1|1|1|1|1|1|1|1,11.3|7.9|5.1|4.2|3.1|3.1|2.8|2.8|2.2|1.5
PNH_348,5,386.7148381815908,0.,339,338|340|337|344|342|336|334|328|326|343,1|1|1|1|1|1|0.9|0.72|0.71|0.69,11.3|8.8|8.7|8.3|8.1|7.7|6.4|4.1|5|5.4
MN5_18166799,5,386.7148381815908,0.,340,342|337|341|339|344|331|348|153|338|150,1|1|1|1|1|1|1|1|1|1,28.5|27.4|13.2|8.8|5.9|4.7|3.7|3.2|3.1|3.1
MN5_17569666,5,386.7148381815908,0.,341,340|344|336|342|337|338|331|335|334|345,1|1|1|1|1|1|0.85|0.8|0.74|0.66,13.2|12.7|12|11.7|10.8|7.9|6.8|20.4|6|3.9
NMSNP5-18258766,5,386.7148381815908,0.,342,340|337|341|339|331|318|315|153|359|150,1|1|1|1|1|1|1|1|1|1,28.5|25|11.7|8.1|4.4|3.9|3.8|3.5|3.5|3.3
MN5_16368332,5,442.5559285557501,0.78468,343,11|345|263|336|347|115|338|344|339|341,1|1|0.86|0.83|0.82|0.79|0.75|0.72|0.69|0.65,3|2.8|2.5|2.1|5.8|1.7|12.2|2.1|5.4|4.2
MASC03128,5,451.4959063321082,0.21796,344,341|339|340|336|338|345|342|337|293|280,1|1|1|1|1|1|0.92|0.89|0.87|0.81,12.7|8.3|5.9|4.5|4.2|4.1|3.8|3.1|2.7|1.9
ERA1_470,5,451.4959063321082,0.,345,344|343|349|338|347|13|346|339|3|336,1|1|1|1|0.9|0.85|0.75|0.69|0.68|0.68,4.1|2.8|2.2|1.5|5.7|2.4|12|4.4|1.7|1.7
NMSNP5-14303707,5,459.4076010043767,0.19553,346,347|348|336|345|383|341|334|337|339|352,1|1|0.84|0.75|0.69|0.66|0.62|0.58|0.54|0.5,9|3.9|2.2|12|1|3.7|1.3|1.1|3.5|2.5
NMSNP5-15065196,5,459.4076010043767,0.,347,346|345|343|348|328|349|344|339|326|338,1|0.9|0.82|0.79|0.66|0.62|0.59|0.54|0.54|0.53,9|5.7|5.8|5.9|2.9|4|4.6|9.2|2.7|2.6
NMSNP5-13614560,5,466.1083812448708,0.16829,348,346|340|336|351|337|342|347|349|332|341,1|1|1|0.83|0.81|0.79|0.79|0.69|0.63|0.59,3.9|3.7|3.1|5.5|1.9|1.7|5.9|11.4|3.4|3
MN5_10525862,5,476.17700720211286,0.24186,349,345|352|351|350|348|347|353|362|357|344,1|0.96|0.96|0.71|0.69|0.62|0.54|0.4|0.34|0.29,2.2|9.7|9.2|12.5|11.4|4|1.3|1.8|4.7|4.4
NMSNP5-9105484,5,485.54730675080214,0.22716,350,368|353|351|366|352|349|354|356|357|362,1|1|0.97|0.77|0.75|0.71|0.71|0.65|0.65|0.62,3.2|3.2|9.7|1.6|5.2|12.5|1.9|1.5|10|3.3
GAr1_504,5,486.5239414478888,0.0265,351,350|349|353|348|357|356|358|354|355|372,0.97|0.96|0.92|0.83|0.79|0.78|0.68|0.66|0.65|0.49,9.7|9.2|7.1|5.5|5.7|4.8|4.3|4.5|3|2
MASC03158,5,542.3650318220481,0.78468,352,349|353|363|350|355|356|354|357|348|346,0.96|0.9|0.86|0.75|0.75|0.72|0.61|0.58|0.52|0.5,9.7|8.4|4.6|5.2|4.1|4.6|4.4|3.1|2.7|2.5
NMSNP5-8894884,5,545.4679102348798,0.08179,353,355|350|351|352|354|357|363|360|358|364,1|1|0.92|0.9|0.88|0.86|0.86|0.85|0.85|0.79,4.4|3.2|7.1|8.4|19.9|2.5|2.5|6.7|2.3|4.9
RAX1_313,5,548.9377715427082,0.09101,354,355|363|356|353|385|362|366|360|357|368,1|1|0.9|0.88|0.83|0.81|0.79|0.74|0.73|0.71,4.1|2.8|3.3|19.9|2|5.9|1.8|5.3|2.1|2
MN5_6820592,5,548.9377715427082,0.,355,353|354|358|357|365|356|362|361|352|363,1|1|1|1|0.99|0.97|0.96|0.87|0.75|0.7,4.4|4.1|3.2|3.2|12.6|20.1|8.6|2.7|4.1|9.7
MN5_7004457,5,549.8968543294468,0.02603,356,357|358|362|355|365|361|354|214|351|353,1|1|0.97|0.97|0.95|0.9|0.9|0.85|0.78|0.75,4.2|4|10.1|20.1|12.3|3.3|3.3|2.4|4.8|2.3
MN5_6523351,5,549.8968543294468,0.,357,358|362|368|356|366|355|89|364|360|361,1|1|1|1|1|1|1|0.96|0.89|0.88,24.7|8.7|4.3|4.2|3.9|3.2|2.6|8.6|8.3|2.7
MASC02568,5,549.8968543294468,0.,358,357|362|368|356|361|366|163|355|360|364,1|1|1|1|1|1|1|1|0.95|0.95,24.7|8.7|4.1|4|3.9|3.9|3.2|3.2|8.9|7.9
MASC03207,5,605.7379447036061,0.78468,359,383|373|342|375|380|382|384|377|379|340,1|1|1|0.97|0.96|0.95|0.94|0.93|0.92|0.88,4.5|4.1|3.5|21.1|9.1|7.9|8|20|6.5|2.9
TFL2_1199,5,621.9353300374132,0.35945,360,363|364|361|358|366|357|369|353|368|354,1|0.98|0.95|0.95|0.9|0.89|0.86|0.85|0.81|0.74,8.6|27.3|8.7|8.9|6|8.3|5|6.7|5.6|5.3
NMSNP5-6222282,5,623.2712064416316,0.03607,361,362|358|366|363|360|364|356|357|355|369,1|1|1|1|0.95|0.94|0.9|0.88|0.87|0.82,9.5|3.9|3.2|3.1|8.7|7.4|3.3|2.7|2.7|2
MASC04986,5,623.2712064416316,0.,362,366|361|358|357|356|355|368|363|370|354,1|1|1|1|0.97|0.96|0.9|0.9|0.9|0.81,10.7|9.5|8.7|8.7|10.1|8.6|8.4|5.2|6.1|5.9
MN5_5726284,5,626.2140464240767,0.07774,363,360|361|354|366|364|362|369|352|353|370,1|1|1|1|0.94|0.9|0.88|0.86|0.86|0.82,8.6|3.1|2.8|1.8|6.8|5.2|14.2|4.6|2.5|1.9
MASC01586,5,628.0926567267637,0.05035,364,369|360|357|358|361|363|366|374|381|375,1|0.98|0.96|0.95|0.94|0.94|0.9|0.89|0.83|0.83,6.9|27.3|8.6|7.9|7.4|6.8|5.7|5|5.9|5.7
MASC07384,5,683.933747100923,0.78468,365,355|356|357|363|358|372|369|374|387|350,0.99|0.95|0.86|0.69|0.67|0.57|0.57|0.5|0.47|0.46,12.6|12.3|3.3|5.1|2.5|3.9|3.5|2.9|2.8|1.8
MASC01538,5,739.7748374750823,0.78468,366,362|371|367|357|358|361|370|373|363|369,1|1|1|1|1|1|1|1|1|1,10.7|7.3|6.8|3.9|3.9|3.2|2.6|2.3|1.8|1.3
CO_347,5,739.7748374750823,0.,367,370|369|366|371|368|381|375|372|359|373,1|1|1|1|0.92|0.92|0.91|0.9|0.84|0.77,9|7.3|6.8|26.5|6.7|6.5|6.3|5.9|6.1|4.2
MN5_5005750,5,742.1166507145092,0.06237,368,371|357|358|376|386|370|350|373|369|367,1|1|1|1|1|1|1|1|1|0.92,9.3|4.3|4.1|4|3.4|3.3|3.2|3.2|2.2|6.7
MASC01137,5,742.1166507145092,0.,369,367|371|364|388|368|385|366|372|363|360,1|1|1|1|1|1|1|0.9|0.88|0.86,7.3|7.2|6.9|2.6|2.2|1.8|1.3|16.8|14.2|5
MN5_4010649,5,749.5438579222154,0.18474,370,371|367|368|374|372|337|366|375|381|362,1|1|1|1|1|1|1|0.97|0.93|0.9,9.4|9|3.3|3.1|2.9|2.9|2.6|21.1|19.3|6.1
MN5_4820535,5,749.5438579222154,0.,371,370|368|372|366|369|367|381|375|374|388,1|1|1|1|1|1|0.92|0.92|0.88|0.85,9.4|9.3|7.7|7.3|7.2|26.5|6.5|6.5|5|6.2
MN5_4318365,5,749.5438579222154,0.,372,371|370|375|381|388|374|367|369|387|380,1|1|1|1|1|0.93|0.9|0.9|0.9|0.88,7.7|2.9|2.9|2.9|2.7|17.8|5.9|16.8|16.4|5.2
MASC04531,5,757.9768338125559,0.20698,373,380|384|379|382|359|377|388|375|368|385,1|1|1|1|1|1|1|1|1|1,10.3|9.5|8.4|7.7|4.1|4.1|3.2|3.2|3.2|3.1
MN5_3281887,5,757.9768338125559,0.,374,387|380|382|379|384|375|370|388|381|385,1|1|1|1|1|1|1|1|1|1,21.6|8.4|6.7|6.3|6|3.4|3.1|3|2.9|2.4
FLC_7207,5,757.9768338125559,0.,375,381|380|382|384|378|379|383|374|385|387,1|1|1|1|1|1|1|1|1|1,24.1|10.1|10.1|9.8|8.8|8.3|3.5|3.4|3.3|3.3
NMSNP5-476785,5,813.8179241867152,0.78468,376,378|368|374|132|386|388|385|380|366|212,1|1|1|1|0.93|0.87|0.86|0.84|0.82|0.82,9.5|4|1.6|1.4|18.4|2.6|2.3|6|1.9|1.9
MN5_1399959,5,824.949968409272,0.26371,377,373|386|383|385|382|384|359|379|378|380,1|1|1|1|0.94|0.94|0.93|0.93|0.93|0.87,4.1|3.8|3.7|2.5|7.6|8|20|7|6.7|7.5
MN5_428961,5,827.1172918816752,0.05786,378,376|386|375|381|385|377|370|359|388|383,1|1|1|1|0.94|0.93|0.83|0.83|0.78|0.75,9.5|9.3|8.8|8.8|7.3|6.7|5.8|5.9|5.9|4
MN5_2707605,5,882.9583822558345,0.78468,379,384|382|373|375|383|387|385|374|386|377,1|1|1|1|1|1|1|1|0.93|0.93,29.1|27.3|8.4|8.3|8|7.7|7.5|6.3|6.7|7
FLC_3312,5,938.7994726299938,0.78468,380,373|375|388|385|374|387|383|359|381|372,1|1|1|1|1|1|1|0.96|0.94|0.88,10.3|10.1|9.9|8.5|8.4|8.3|8.1|9.1|7.9|5.2
MN5_3200509,5,940.5305768598004,0.04649,381,375|378|385|388|383|336|374|372|387|382,1|1|1|1|1|1|1|1|1|0.95,24.1|8.8|3.3|3.2|3.1|3|2.9|2.9|2.8|8.7
MN5_2974376,5,941.8694713375653,0.03615,382,384|379|375|385|373|383|387|374|381|359,1|1|1|1|1|1|1|1|0.95|0.95,29.1|27.3|10.1|8.4|7.7|7.6|7.4|6.7|8.7|7.9
MN5_2244867,5,941.8694713375653,0.,383,380|379|382|384|359|377|375|386|381|388,1|1|1|1|1|1|1|1|1|1,8.1|8|7.6|7.3|4.5|3.7|3.5|3.1|3.1|3.1
MN5_2808917,5,941.8694713375653,0.,384,379|382|375|373|385|383|387|374|377|359,1|1|1|1|1|1|1|1|0.94|0.94,29.1|29.1|9.8|9.5|8|7.3|7.2|6|8|8
FLC_2775,5,941.8694713375653,0.,385,388|380|382|384|379|375|381|373|383|377,1|1|1|1|1|1|1|1|1|1,21.8|8.5|8.4|8|7.5|3.3|3.3|3.1|2.5|2.5
MN5_1154885,5,947.4017515999927,0.14113,386,378|377|368|383|387|374|150|132|153|379,1|1|1|1|1|1|1|1|1|0.93,9.3|3.8|3.4|3.1|2.5|2.4|2.3|1.5|1.5|6.7
MN5_3330509,5,947.4017515999927,0.,387,374|380|379|382|384|375|388|381|386|385,1|1|1|1|1|1|1|1|1|1,21.6|8.3|7.7|7.4|7.2|3.3|2.9|2.8|2.5|2.4
MN5_3498141,5,947.4017515999927,0.,388,385|380|373|375|381|383|374|387|372|369,1|1|1|1|1|1|1|1|1|1,21.8|9.9|3.2|3.2|3.2|3.1|3|2.9|2.7|2.6
MN2_14406873,ungrouped,NA,NA,389,NA,NA,NA