MagicReconstruct-Summary, Genetic map of biallelic markers
SNP, JAX00240603, UNC010001397, UNC010515443, UNC010001943, UNC010515539, UNC010515556, UNC010002207, UNC010003148, UNC010516347, UNC010518203, UNC011026542, UNC010005983, UNC010437200, UNC010010509, UNC010011059, UNC010013426, JAX00000461, backupJAX00000484, UNC010016945, JAX00241750, UNC010477123, UNC010019700, UNC010961842, UNC_rs48518594, UNC010022923, UNC010520877, JAX00000747, UNC010026274, UNC_rs50672660, JAX00000824, backupUNC010029391, UNC010030595, JAX00242845, JAX00000980, UNC010035232, JAX00243025, UNC010687234, JAX00243111, UNC010036966, UNC010523171, backupUNC010039427, JAX00001157, JAX00001223, UNC010042487, UNC010523586, JAX00001283, backupUNC010044640, backupUNC010527629, UNC010046230, UNC010529057, UNC010048083, UNC010530301, UNC010530523, UNC010530843, backupUNC010532073, UNC010532674, UNC010440650, UNC010440696, JAX00001692, UNC010878755, UNC010440931, UNC010053022, UNC010535074, UNC010967657, backupUNC011181136, UNC010537386, UNC010054938, UNC010055709, UNC010058011, backupUNC010059535, backupUNC010060568, backupUNC010060795, backupUNC010061308, backupUNC010062452, UNC010062500, UNC010062538, backupUNC010539556, UNC010063271, UNC010539663, JAX00002267, UNC010540261, UNC010442447, backupUNC010066723, UNC010542162, UNC010442706, JAX00246633, UNC010069393, UNC010069429, backupUNC010548191, UNC010549141, backupUNC011221975, UNC010551393, JAX00247585, UNC010551883, JAX00247780, JAX00002710, UNC012187196, UNC010073213, UNC010443328, UNC010074671, backupUNC010074862, UNC010075232, UNC010075571, UNC010443604, UNC010443677, UNC010077196, JAX00002972, JAX00248843, UNC010078808, JAX00249009, JAX00003040, JAX00249075, backupUNC010557791, UNC010709367, UNC010084304, UNC011275068, backupUNC010086952, UNC010712538, UNC010089266, backupUNC010089879, UNC010559810, backupUNC010715008, UNC010715287, UNC010092168, JAX00003394, UNC010561617, UNC010445083, UNC012313162, UNC010093480, UNC010445227, UNC010484549, UNC011311574, backupJAX00003592, backupUNC010562539, UNC010098122, JAX00250556, UNC011325355, JAX00003707, UNC010720695, JAX00250952, backupUNC010721415, JAX00003792, UNC011335784, JAX00003808, backupUNC010724016, UNC011342783, backupJAX00251301, UNC011347842, JAX00251477, JAX00003976, UNC010729195, backupUNC011355063, backupUNC012316368, JAX00251867, UNC010731340, backuprs51918679, UNC010100349, backupUNC010101265, backupJAX00252178, UNC010101768, backupJAX00252274, JAX00252404, backupUNC010733471, JAX00191860, backupJAX00004293, UNC010102833, JAX00252732, backupUNC010737916, JAX00252788, backupUNC010738940, backupUNC010739171, UNC010446561, UNC010739232, UNC_rs31392164, UNC010104462, UNC010104881, UNC010486741, UNC010106429, UNC010106729, JAX00253431, UNC010107618, UNC010108618, UNC010113351, UNC010114763, UNC010564849, UNC010119447, UNC010128163, backupUNC010132013, UNC010132979, UNC010135944, UNC010138697, JAX00254177, JAX00005015, JAX00005062, backupJAX00254338, UNC010140644, JAX00254428, backupUNC010568212, backupUNC010570475, JAX00254862, JAX00255136, UNC010142203, UNC010573492, UNC010489002, UNC010756120, JAX00255494, UNC012239416, JAX00255657, backupJAX00005508, UNC010577197, UNC010577570, backupUNC011478119, UNC010148938, backupUNC012359359, UNC010151256, backupUNC010151687, UNC010153451, backupJAX00256554, JAX00256624, JAX00005772, JAX00256873, UNC010157073, backupUNC011498669, backupUNC010158882, UNC010160470, JAX00257146, backupJAX00257246, JAX00005951, JAX00005952, JAX00005967, JAX00257467, UNC011510234, UNC010584488, JAX00006066, JAX00257649, UNC010161536, backupJAX00257750, UNC010161864, UNC010767722, UNC010162950, UNC010163719, JAX00258010, UNC010584825, UNC010164348, UNC010585017, backupJAX00258310, UNC010171079, JAX00258593, backupUNC010171549, UNC010172585, backupUNC010175313, backupUNC010176060, UNC010176664, UNC010892229, backupUNC010586755, JAX00006720, UNC010177125, UNC010586869, JAX00259682, backupUNC010178188, UNC010178265, UNC010178377, UNC010178779, UNC010178978, UNC010493664, UNC010181577, JAX00006950, backupUNC011588125, UNC010184727, JAX00260168, JAX00260238, backupUNC010185117, UNC010185192, backupUNC011596719, UNC010185393, UNC010494226, UNC010587389, UNC010191507, UNC010192579, backupUNC010194594, UNC010195425, UNC010196350, backupUNC010197325, UNC_rs49516221, UNC010587748, JAX00261137, UNC010200282, UNC010200437, UNC010200461, UNC010454761, UNC010200704, UNC010203492, backupUNC010204314, UNC010204610, UNC010893064, JAX00007674, UNC010455233, backupUNC010206009, JAX00261951, backupUNC010591240, backupUNC010207769, UNC011675366, backupUNC010210288, JAX00007883, backuprs50592964, backupJAX00262611, JAX00262675, JAX00008061, UNC_rs51658654, UNC010456529, UNC010223906, backupUNC010794120, UNC010456754, UNC010456807, UNC010226751, UNC010798457, JAX00008339, UNC010457067, UNC010227990, JAX00008386, backupUNC010228438, UNC010594638, UNC010232719, UNC010598118, UNC010598421, UNC010235357, UNC010236031, UNC010498389, backupUNC010236642, JAX00264109, UNC010238271, backupUNC010894728, UNC010458091, UNC010240951, UNC010458425, UNC010243790, backupUNC010244211, UNC010897473, JAX00008892, backupUNC010248154, backupJAX00265198, UNC011787714, JAX00265502, backupUNC011792382, UNC010255921, UNC010257353, JAX00265821, UNC010259898, UNC010500125, UNC010261606, JAX00009281, UNC010264693, JAX00266341, UNC010460280, JAX00266494, UNC011819339, backupJAX00266606, backupUNC011824780, backupUNC010803792, UNC010460512, UNC010270413, JAX00267164, UNC010608455, backupUNC010608551, UNC010272312, UNC010273790, UNC010274154, JAX00009765, UNC010275555, UNC010609322, UNC010278802, UNC010282954, UNC010285573, UNC010610452, UNC010461917, JAX00268541, JAX00009999, JAX00268717, backuprs47520660, UNC_rs33607958, backupUNC010611519, JAX00010099, JAX00010121, UNC010291816, UNC011881810, backupJAX00269153, UNC010617125, UNC010292027, UNC012331510, backupUNC011891368, UNC010617990, UNC010292970, backupUNC011898258, backupUNC010618201, UNC010295757, UNC010296421, UNC010808822, UNC010297799, UNC011909338, UNC010621409, UNC010463165, UNC010300060, UNC010984546, backupUNC010301903, UNC010302547, JAX00010652, UNC_rs32124917, UNC010307063, backupUNC010623723, UNC010309080, UNC010309729, UNC010985001, backupUNC010312588, UNC010313115, UNC010313174, UNC010313299, UNC010313917, backupUNC010628673, JAX00271347, UNC010464666, JAX00271510, UNC010317552, UNC010829068, backupUNC010318876, JAX00271972, backupJAX00271975, backupUNC012255208, UNC010320533, backupJAX00272176, UNC010465120, UNC010629297, backupUNC010629680, UNC010630474, UNC010321756, UNC010324008, backupUNC010324477, UNC010905835, UNC010325547, UNC010836178, UNC010636744, JAX00273181, UNC010326093, backupUNC010326580, UNC_rs32791096, UNC010637850, JAX00273510, JAX00273577, JAX00273701, UNC010331745, UNC010332173, UNC012380738, UNC010332330, JAX00274026, JAX00011963, backupUNC010837286, JAX00011986, backupUNC012268343, backupUNC012010690, backupJAX00012065, backupUNC012018069, JAX00274503, backupUNC012020959, UNC010333272, backuprs32565732, UNC012029092, JAX00012213, UNC012035201, backupUNC012208248, UNC010639880, backupUNC010333562, UNC010337609, UNC010641974, backupUNC010343297, backupJAX00012423, UNC010346837, UNC012050066, UNC010353604, backupUNC010358913, UNC010361641, UNC010362215, UNC010364852, backupUNC010646654, backupUNC010370373, UNC010372809, UNC010647417, JAX00276610, UNC010380537, UNC010383677, UNC010390757, UNC010391819, UNC010396152, backupUNC010397300, UNC010398263, UNC010657787, JAX00277373, UNC_rs52600737, UNC010401117, JAX00012996, backupJAX00277549, UNC010659703, backupUNC010403815, JAX00277792, JAX00277795, UNC010406467, JAX00013153, backupUNC010408998, JAX00013215, UNC010409945, JAX00013222, backupUNC010665455, UNC010667356, backupUNC010667738, backupUNC010861440, UNC010471807, backupUNC010671431, backupUNC012104434, UNC010411487, UNC010411561, backupUNC010412660, UNC010672269, JAX00279019, UNC010414123, JAX00279191, UNC010867890, UNC_rs31181413, UNC010943432, backupJAX00013638, JAX00013660, UNC010674652, UNC010868145, UNC010425514, JAX00013760, UNC010426497, UNC010427659, UNC010868925, UNC010429345, UNC010430525, backuprs33042623, UNC010475009, UNC010432535, UNC010475128, JAX00014050, backuprs32282252, UNC010436114, JAX00014139, UNC010872195, UNC010680647, UNC010680950, UNC010436225, UNC010873548, JAX00014283, UNC200279739, UNC200000454, UNC200001507, UNC200282646, UNC200880603, UNC200285015, JAX00708647, backupUNC200287049, JAX00708714, UNC200209200, UNC200292334, UNC200089151, backupUNC200002128, JAX00176890, backupJAX00708995, backupUNC200067984, JAX00709018, UNC_rs50627251, UNC200004516, backupUNC200004813, backupUNC200249354, JAX00177060, JAX00709197, backupUNC200310334, backupJAX00709270, UNC200089322, backupUNC200316908, JAX00177172, JAX00709389, UNC200319662, UNC200005331, UNC200089428, JAX00709530, JAX00177277, JAX00709553, JAX00709598, JAX00709622, UNC200334548, UNC200210623, JAX00709682, JAX00709715, UNC200005759, JAX00177453, JAX00177505, JAX00238681, UNC200005956, UNC200349871, JAX00177612, backupJAX00709954, backupUNC200355425, UNC200357719, UNC200053861, JAX00177716, JAX00238701, JAX00710061, JAX00177765, JAX00177773, JAX00177822, JAX00177823, backupJAX00710201, JAX00710224, JAX00177936, backupJAX00710313, JAX00238762, UNC200381325, backupUNC200381363, UNC200381609, UNC200006944, UNC200007340, JAX00177959, UNC200382483, backupJAX00710383, JAX00710411, backupUNC200383023, JAX00178040, JAX00710480, JAX00178124, UNC200007700, UNC200007799, JAX00710569, UNC200007844, backupUNC200007909, UNC200007914, UNC200387084, backupUNC200008026, backupUNC200387638, UNC200008104, backupJAX00238910, UNC200388435, backupUNC200388541, JAX00710794, backupUNC200388916, JAX00710846, JAX00178458, UNC200389762, JAX00710894, UNC200389979, UNC200227338, UNC200390801, backupUNC200391017, JAX00178595, backupUNC200391881, JAX00178610, UNC200392323, UNC200008702, backupUNC200393064, JAX00178691, UNC200091023, UNC200250866, UNC200393845, UNC200008932, UNC200071840, UNC200009637, UNC200009854, backupUNC200010273, UNC200010693, backupUNC200010787, backupJAX00239017, JAX00178992, backupUNC200011184, UNC200055739, UNC200011408, backupUNC200011470, JAX00179106, UNC200011964, backupUNC200012354, UNC200012440, backupUNC200012541, backupUNC200418225, backupUNC200092333, JAX00239067, UNC200092423, UNC200212633, UNC200092647, UNC200056198, UNC200092758, UNC_rs47654132, UNC200013336, backupUNC200013645, JAX00179435, UNC200056376, UNC200014226, backupUNC200093060, UNC200056525, UNC200093280, UNC200014731, UNC200056597, JAX00239166, backupJAX00712427, UNC200093471, UNC200014958, UNC200452498, UNC200093585, JAX00712544, JAX00179758, UNC200015082, UNC200093757, UNC200228540, backupJAX00179850, backupUNC200093900, UNC200056842, UNC200094013, UNC200056893, UNC200228740, JAX00179978, UNC200094855, JAX00180030, UNC200252371, UNC200475308, UNC200095582, backupUNC200095716, UNC200096679, UNC200097013, UNC200015823, UNC200097427, backupUNC200229256, backupUNC200098152, JAX00713242, UNC200016809, backupUNC200017097, backupJAX00713355, UNC200017368, UNC200017791, UNC200018029, UNC200057582, UNC200018280, UNC200098627, UNC200503488, JAX00713689, backupUNC200099119, UNC_rs8251020, UNC200019054, backupUNC200099374, JAX00713872, UNC200019393, UNC200019442, UNC200019483, UNC200020256, UNC200099708, backupJAX00180788, UNC200021832, UNC200058533, JAX00714218, UNC200101442, UNC200022657, UNC200101526, UNC200214807, UNC200101643, backupJAX00181040, UNC200101741, backupUNC200102751, backupUNC200103150, UNC200538734, JAX00714558, backupUNC200105073, UNC200105170, backupUNC200105516, UNC200023244, JAX00181304, UNC200106183, UNC200106288, UNC200106303, UNC200106372, UNC200023468, JAX00181418, UNC200557231, UNC200106567, JAX00181485, UNC200024642, UNC200564474, backupUNC200026178, backupUNC200883125, UNC200571580, UNC200573772, JAX00715214, UNC200576269, UNC200883696, UNC200026538, UNC200580975, JAX00181755, UNC200581861, backupUNC200583887, UNC200585416, backupUNC200586059, JAX00181857, UNC200589451, UNC200590475, UNC200026937, backupJAX00715624, UNC200593068, UNC200027121, UNC200027297, JAX00182041, UNC200107626, UNC200107854, JAX00715929, JAX00182178, JAX00182179, UNC200108373, backupUNC200609379, UNC200108569, backupJAX00182262, UNC200027945, JAX00716102, backupUNC200109114, backupUNC200614817, UNC200060169, UNC200109294, backupUNC200618095, UNC200109718, UNC200028187, UNC200110307, UNC200028259, backupUNC200110891, backupUNC200111260, UNC200028363, backupUNC200111583, JAX00182600, UNC200112087, JAX00716589, UNC200632580, backupUNC200217389, JAX00716664, UNC200217527, UNC200028921, UNC200029050, backupUNC200029276, backupUNC200218095, backupUNC200644933, UNC200112392, UNC200899345, UNC200029463, UNC200029579, JAX00717028, UNC200029837, backupUNC200218490, JAX00183045, JAX00183066, JAX00717214, UNC200030621, JAX00183110, UNC_rs52510521, backupUNC200112735, UNC200112780, JAX00183170, backupUNC200112872, UNC200113111, UNC200669476, JAX00239815, UNC200113247, JAX00239819, UNC200031085, UNC200031155, UNC200676245, backupUNC200114004, JAX00183375, backuprs29099122, UNC200117800, UNC200120361, UNC200121449, JAX00717709, JAX00183522, UNC200219382, JAX00183580, UNC200031673, UNC200031869, UNC200133748, backupUNC200032490, UNC200032623, UNC200081271, JAX00183749, backupUNC200033252, UNC200033656, UNC200033728, JAX00718093, backupJAX00718095, UNC200151113, backupUNC200153103, JAX00183894, UNC200157178, UNC200034050, JAX00718249, UNC200236388, backupJAX00183987, UNC200165746, UNC200167426, backupUNC200169665, JAX00184060, UNC200034275, UNC200034300, UNC200176905, UNC200178517, JAX00184153, UNC200034449, UNC200183033, UNC200034671, UNC200183728, UNC200034826, JAX00184211, UNC200261375, backupUNC200185021, UNC200062736, backupUNC200189557, UNC200192385, JAX00184302, UNC200240290, backupUNC200195198, backupJAX00718691, UNC200198049, JAX00184389, backupJAX00718738, UNC200687011, backupUNC200687147, UNC200035873, JAX00718824, UNC200036023, UNC200036229, UNC200036392, UNC200036579, backupUNC200687966, JAX00184621, backupUNC200198763, UNC200037711, JAX00719109, UNC200037802, JAX00184725, JAX00719184, UNC200039162, UNC200039490, UNC200063813, JAX00719373, backupUNC200692256, UNC200040398, backupJAX00184922, UNC200040867, JAX00184943, UNC200040958, UNC200263540, UNC200908910, JAX00719739, JAX00719784, JAX00185134, backupUNC200714769, UNC200041556, JAX00720117, backupUNC200041972, backupUNC200199758, backupUNC200199933, JAX00185322, UNC200042380, UNC200042788, UNC200043090, UNC200043244, UNC200200879, JAX00185476, UNC200201505, UNC200043724, UNC200742219, UNC200885683, JAX00185609, UNC200202437, UNC200886512, UNC200044271, UNC200202584, JAX00720993, UNC200202704, UNC200202805, UNC200242317, JAX00240233, UNC200203014, UNC200203118, backupUNC200759367, JAX00721092, JAX00721093, UNC200203655, UNC200242747, backupUNC200204428, backupUNC200045123, UNC200045337, UNC200045984, backupUNC200223037, UNC200046565, UNC200046768, JAX00721456, backupUNC200205394, backupJAX00186102, UNC200205436, UNC200205568, UNC200065867, UNC200206130, UNC200206243, JAX00721699, UNC200207043, UNC200207527, backupUNC200243544, UNC200244258, UNC200207852, JAX00186379, JAX00721922, backupJAX00721933, UNC200245326, backupJAX00722044, UNC200800390, JAX00722071, backupUNC200246213, UNC200803134, UNC200246879, JAX00186579, JAX00186608, JAX00240406, UNC200047948, backupJAX00722366, JAX00722401, backupJAX00186716, JAX00186717, backupJAX00722521, JAX00186758, UNC200066422, UNC200048303, UNC200048595, UNC200048733, JAX00186885, UNC200050210, UNC200050581, UNC200050813, UNC200050994, backupUNC200838158, JAX00723000, JAX00187059, backupUNC200889296, JAX00187127, JAX00187167, JAX00187177, UNC200051678, UNC200051792
Chromosome, 1, 1, 1, 1, 1, 1, 1, 1, 1, 1, 1, 1, 1, 1, 1, 1, 1, 1, 1, 1, 1, 1, 1, 1, 1, 1, 1, 1, 1, 1, 1, 1, 1, 1, 1, 1, 1, 1, 1, 1, 1, 1, 1, 1, 1, 1, 1, 1, 1, 1, 1, 1, 1, 1, 1, 1, 1, 1, 1, 1, 1, 1, 1, 1, 1, 1, 1, 1, 1, 1, 1, 1, 1, 1, 1, 1, 1, 1, 1, 1, 1, 1, 1, 1, 1, 1, 1, 1, 1, 1, 1, 1, 1, 1, 1, 1, 1, 1, 1, 1, 1, 1, 1, 1, 1, 1, 1, 1, 1, 1, 1, 1, 1, 1, 1, 1, 1, 1, 1, 1, 1, 1, 1, 1, 1, 1, 1, 1, 1, 1, 1, 1, 1, 1, 1, 1, 1, 1, 1, 1, 1, 1, 1, 1, 1, 1, 1, 1, 1, 1, 1, 1, 1, 1, 1, 1, 1, 1, 1, 1, 1, 1, 1, 1, 1, 1, 1, 1, 1, 1, 1, 1, 1, 1, 1, 1, 1, 1, 1, 1, 1, 1, 1, 1, 1, 1, 1, 1, 1, 1, 1, 1, 1, 1, 1, 1, 1, 1, 1, 1, 1, 1, 1, 1, 1, 1, 1, 1, 1, 1, 1, 1, 1, 1, 1, 1, 1, 1, 1, 1, 1, 1, 1, 1, 1, 1, 1, 1, 1, 1, 1, 1, 1, 1, 1, 1, 1, 1, 1, 1, 1, 1, 1, 1, 1, 1, 1, 1, 1, 1, 1, 1, 1, 1, 1, 1, 1, 1, 1, 1, 1, 1, 1, 1, 1, 1, 1, 1, 1, 1, 1, 1, 1, 1, 1, 1, 1, 1, 1, 1, 1, 1, 1, 1, 1, 1, 1, 1, 1, 1, 1, 1, 1, 1, 1, 1, 1, 1, 1, 1, 1, 1, 1, 1, 1, 1, 1, 1, 1, 1, 1, 1, 1, 1, 1, 1, 1, 1, 1, 1, 1, 1, 1, 1, 1, 1, 1, 1, 1, 1, 1, 1, 1, 1, 1, 1, 1, 1, 1, 1, 1, 1, 1, 1, 1, 1, 1, 1, 1, 1, 1, 1, 1, 1, 1, 1, 1, 1, 1, 1, 1, 1, 1, 1, 1, 1, 1, 1, 1, 1, 1, 1, 1, 1, 1, 1, 1, 1, 1, 1, 1, 1, 1, 1, 1, 1, 1, 1, 1, 1, 1, 1, 1, 1, 1, 1, 1, 1, 1, 1, 1, 1, 1, 1, 1, 1, 1, 1, 1, 1, 1, 1, 1, 1, 1, 1, 1, 1, 1, 1, 1, 1, 1, 1, 1, 1, 1, 1, 1, 1, 1, 1, 1, 1, 1, 1, 1, 1, 1, 1, 1, 1, 1, 1, 1, 1, 1, 1, 1, 1, 1, 1, 1, 1, 1, 1, 1, 1, 1, 1, 1, 1, 1, 1, 1, 1, 1, 1, 1, 1, 1, 1, 1, 1, 1, 1, 1, 1, 1, 1, 1, 1, 1, 1, 1, 1, 1, 1, 1, 1, 1, 1, 1, 1, 1, 1, 1, 1, 1, 1, 1, 1, 1, 1, 1, 1, 1, 1, 1, 1, 1, 1, 1, 1, 1, 1, 1, 1, 1, 1, 1, 1, 1, 1, 1, 1, 1, 1, 1, 1, 1, 1, 1, 1, 1, 1, 1, 1, 1, 1, 1, 1, 1, 1, 1, 1, 1, 1, 1, 1, 1, X, X, X, X, X, X, X, X, X, X, X, X, X, X, X, X, X, X, X, X, X, X, X, X, X, X, X, X, X, X, X, X, X, X, X, X, X, X, X, X, X, X, X, X, X, X, X, X, X, X, X, X, X, X, X, X, X, X, X, X, X, X, X, X, X, X, X, X, X, X, X, X, X, X, X, X, X, X, X, X, X, X, X, X, X, X, X, X, X, X, X, X, X, X, X, X, X, X, X, X, X, X, X, X, X, X, X, X, X, X, X, X, X, X, X, X, X, X, X, X, X, X, X, X, X, X, X, X, X, X, X, X, X, X, X, X, X, X, X, X, X, X, X, X, X, X, X, X, X, X, X, X, X, X, X, X, X, X, X, X, X, X, X, X, X, X, X, X, X, X, X, X, X, X, X, X, X, X, X, X, X, X, X, X, X, X, X, X, X, X, X, X, X, X, X, X, X, X, X, X, X, X, X, X, X, X, X, X, X, X, X, X, X, X, X, X, X, X, X, X, X, X, X, X, X, X, X, X, X, X, X, X, X, X, X, X, X, X, X, X, X, X, X, X, X, X, X, X, X, X, X, X, X, X, X, X, X, X, X, X, X, X, X, X, X, X, X, X, X, X, X, X, X, X, X, X, X, X, X, X, X, X, X, X, X, X, X, X, X, X, X, X, X, X, X, X, X, X, X, X, X, X, X, X, X, X, X, X, X, X, X, X, X, X, X, X, X, X, X, X, X, X, X, X, X, X, X, X, X, X, X, X, X, X, X, X, X, X, X, X, X, X, X, X, X, X, X, X, X, X, X, X, X, X, X, X, X, X, X, X, X, X, X, X, X, X, X, X, X, X, X, X, X, X, X, X, X, X, X, X, X, X, X, X, X, X, X, X, X, X, X, X, X, X, X, X, X, X, X, X, X, X, X, X, X, X, X, X, X, X, X, X, X, X, X, X, X, X, X, X, X, X, X, X, X, X, X, X, X, X, X, X, X, X, X, X, X, X, X, X, X, X, X, X, X, X, X, X, X, X, X, X, X, X, X, X, X, X, X, X, X, X, X, X, X, X, X, X, X, X, X, X, X, X, X, X, X, X, X, X, X, X, X, X, X, X, X, X, X, X, X, X, X, X, X
cM, 1.62144, 1.66346, 1.82935, 1.98361, 2.21035, 2.26056, 2.51801, 2.91511, 3.00543, 3.18412, 3.38399, 3.82026, 3.92517, 4.13383, 4.21447, 4.41661, 4.61903, 4.77203, 4.88223, 5.13489, 5.36553, 5.54557, 5.56463, 5.83136, 5.92114, 6.35631, 6.5229, 6.74926, 6.82189, 7.03356, 7.17027, 7.34431, 7.85445, 8.07611, 8.14692, 8.34441, 8.48588, 8.6532, 8.79266, 8.95314, 9.13195, 9.24928, 9.7009, 9.85409, 9.91404, 10.0958, 10.4112, 10.6451, 10.6971, 11.3784, 11.5099, 11.6849, 11.7514, 11.8533, 12.0058, 12.2141, 12.3062, 12.6303, 12.8774, 12.941, 13.0798, 13.2531, 13.3511, 13.9055, 14.0748, 14.1058, 14.3336, 14.4501, 14.609, 14.822, 15.0389, 15.1887, 15.4158, 15.7313, 15.86, 15.9537, 16.3458, 16.4911, 16.5454, 16.7135, 16.8892, 17.0879, 17.2352, 17.5043, 17.5796, 17.7313, 17.9675, 18.0724, 18.421, 18.556, 18.6255, 19.1154, 19.267, 19.3958, 19.5365, 19.6592, 19.9465, 20.0971, 20.12, 20.3186, 20.424, 20.5781, 20.8348, 20.9477, 21.1194, 21.2776, 21.4077, 21.5519, 21.6649, 21.8716, 21.8717, 21.9722, 22.1197, 22.2924, 22.5037, 22.8, 22.8601, 23.0853, 23.2888, 23.4586, 23.6234, 23.84, 23.8956, 24.1263, 24.2313, 24.3005, 24.4941, 24.7315, 24.7959, 25.0198, 25.0747, 25.4068, 25.5654, 25.7185, 25.8277, 25.9532, 26.3186, 26.3257, 26.4901, 26.6367, 26.8124, 26.8863, 27.0003, 27.0137, 27.2827, 27.447, 27.4563, 27.8415, 27.844, 28.1233, 28.2143, 28.4022, 28.5006, 28.5421, 28.7077, 28.8639, 28.9721, 29.2166, 29.29, 29.4771, 29.5932, 29.7481, 29.906, 30.0568, 30.2207, 30.4458, 30.6444, 30.7659, 30.7907, 30.9156, 31.1938, 31.3406, 31.381, 31.5957, 31.7525, 31.849, 32.0219, 32.3522, 32.548, 32.6074, 32.811, 32.8675, 33.1218, 33.1962, 33.3366, 33.4776, 33.9589, 34.1977, 34.2384, 34.4025, 34.5807, 34.8789, 35.0636, 35.3694, 35.373, 35.4979, 35.6787, 36.1608, 36.4383, 36.5806, 37.0192, 37.0566, 37.212, 37.4469, 37.5202, 37.7776, 37.8383, 38.0093, 38.3499, 38.5483, 38.6498, 38.7233, 38.8535, 39.1163, 39.2887, 39.3322, 39.5875, 39.6217, 39.7875, 40.1022, 40.2697, 40.3797, 40.5357, 40.6926, 40.9267, 40.9752, 41.1327, 41.3, 41.3083, 41.403, 41.6124, 41.8223, 41.9154, 42.0695, 42.173, 42.3593, 42.4741, 43.7952, 43.8248, 44.0386, 44.1923, 44.2599, 44.536, 44.7204, 45.0172, 45.2293, 45.7174, 45.835, 45.9528, 46.2577, 46.4987, 46.6221, 46.8176, 47.0898, 47.1103, 47.5082, 47.629, 47.7849, 47.9888, 48.0717, 48.1584, 48.4231, 48.5638, 48.6347, 48.8791, 49.0227, 49.0675, 49.3323, 49.4275, 49.634, 49.8421, 49.8426, 50.0197, 50.1957, 50.3932, 50.4651, 50.743, 50.8968, 51.1117, 51.279, 51.4123, 51.583, 51.6679, 51.8055, 52.1242, 52.1285, 52.2414, 52.4734, 52.5101, 52.7104, 52.9447, 53.3914, 53.5021, 53.5879, 53.7834, 53.8944, 54.1027, 54.1818, 54.3227, 54.4729, 54.8059, 54.9511, 55.1216, 55.2842, 55.9215, 56.1747, 56.3695, 56.4631, 56.5836, 56.9429, 57.0287, 57.3273, 57.7318, 57.7898, 57.9361, 58.1062, 58.3263, 58.4971, 58.5912, 58.6521, 58.8943, 59.1219, 59.547, 59.6488, 59.7055, 59.8522, 60.1257, 60.2846, 60.3061, 60.577, 60.6403, 60.881, 60.9955, 61.3243, 61.6248, 61.744, 61.8502, 62.0841, 62.1501, 62.599, 62.7521, 63.15, 63.4092, 63.556, 63.6987, 63.8599, 64.0152, 64.1278, 64.2708, 64.4518, 64.7264, 64.9422, 65.1764, 65.2578, 65.5155, 65.7388, 65.8533, 66.1225, 66.2449, 66.4076, 66.8168, 67.048, 67.1568, 67.2059, 67.5504, 67.719, 67.8184, 67.9638, 68.2038, 68.2843, 68.4347, 68.7193, 68.8534, 69.234, 69.3149, 69.317, 69.5225, 69.6861, 69.8326, 69.9703, 70.1398, 70.1832, 70.3385, 70.4322, 70.6148, 70.6877, 70.8674, 71.0955, 71.2116, 71.3657, 71.5166, 71.6924, 71.7806, 71.9495, 72.0595, 72.1879, 72.3042, 72.5232, 72.7785, 72.9749, 73.1982, 73.2385, 73.412, 73.6208, 73.7191, 73.887, 74.2118, 74.3604, 74.638, 74.79, 74.8538, 75.2589, 75.415, 75.5433, 75.7004, 75.8699, 76.3383, 76.4794, 76.5383, 76.7206, 76.8841, 77.0976, 77.2274, 77.2586, 77.6807, 77.6853, 77.7493, 77.8587, 78.1875, 78.3576, 78.5199, 78.8635, 78.9102, 79.0892, 79.5242, 79.6583, 79.8015, 79.9714, 80.1482, 80.3373, 80.4839, 80.6916, 80.8175, 81.0388, 81.2878, 81.3336, 81.4947, 81.7734, 81.9606, 82.1557, 82.2757, 82.4315, 82.5608, 82.6908, 82.8087, 82.862, 83.0023, 83.1089, 83.3728, 83.5067, 83.6499, 83.6668, 83.7662, 83.8805, 84.224, 84.3647, 84.5631, 84.6773, 84.7956, 85.0446, 85.2806, 85.3862, 85.6035, 85.7582, 85.811, 86.0543, 86.1858, 86.4823, 86.672, 86.7116, 86.9102, 87.1417, 87.2853, 87.4392, 87.5363, 87.7878, 87.9457, 88.1061, 88.4618, 88.5188, 88.7728, 88.908, 89.0332, 89.2351, 89.3271, 89.438, 89.5826, 89.5828, 89.7025, 89.8853, 90.0014, 90.3016, 90.3093, 90.576, 90.6271, 90.8994, 91.0335, 91.085, 91.0887, 91.2791, 91.498, 91.5494, 91.7339, 91.9048, 92.1308, 92.2948, 92.6872, 92.7004, 92.8865, 93.1429, 93.1909, 93.4485, 93.5503, 93.6879, 93.843, 93.9142, 94.0591, 94.2048, 94.4993, 94.6289, 94.7042, 94.8716, 94.9521, 95.223, 95.5191, 95.5849, 95.8195, 95.9538, 96.4293, 96.47, 96.7125, 96.8053, 97.0007, 97.3115, 97.3968, 97.5491, 97.7676, 97.8025, 97.951, 98.1226, 98.3564, 2.16246, 2.54018, 2.6411, 2.83375, 2.96915, 3.05278, 3.07908, 3.28771, 3.33134, 3.501, 3.74224, 3.94998, 4.05569, 4.24054, 4.49607, 4.55399, 4.59968, 4.75828, 4.84609, 4.9591, 5.14446, 5.38276, 5.3871, 5.41096, 5.65333, 5.7287, 5.95176, 6.12434, 6.12812, 6.15043, 6.40005, 6.49184, 6.69851, 6.82023, 6.8337, 7.14635, 7.25357, 7.40435, 7.57059, 7.57083, 7.74607, 7.9461, 8.0206, 8.37434, 8.66784, 8.73172, 8.85361, 9.15286, 9.22619, 9.34411, 9.50361, 9.6174, 9.84197, 9.85399, 9.90526, 10.1795, 10.2203, 10.5637, 10.5638, 10.6554, 10.858, 11.3202, 11.3296, 11.4417, 11.6726, 11.7613, 12.6074, 13.0988, 16.5304, 16.6243, 16.7854, 16.9285, 17.082, 17.1406, 17.1644, 17.6464, 17.846, 17.9461, 18.1282, 18.1297, 18.2286, 18.4434, 18.4537, 18.7076, 18.8218, 18.9243, 19.1366, 19.2449, 19.3785, 19.5852, 19.6506, 19.8127, 19.9879, 20.1675, 20.3313, 20.3377, 20.5111, 20.6048, 20.7895, 20.8609, 21.1407, 21.1425, 21.2674, 21.5344, 21.6339, 21.8061, 21.8806, 21.9111, 22.1063, 22.2803, 22.4949, 22.7268, 22.9992, 23.1568, 23.3758, 23.5316, 23.5536, 23.7752, 23.8886, 24.0389, 24.1815, 24.4225, 24.5663, 24.6594, 24.8205, 25.0342, 25.1398, 25.2115, 25.4547, 25.5257, 25.6168, 25.71, 26.2623, 26.6083, 26.7117, 26.8982, 27.1774, 27.359, 27.5544, 27.583, 27.6765, 28.0877, 28.3426, 28.4586, 28.6456, 28.6934, 28.8898, 28.9996, 29.0909, 29.1861, 29.386, 29.5151, 29.5604, 29.7744, 29.7846, 29.9007, 30.0772, 30.1911, 30.3872, 30.4818, 30.6767, 30.8328, 31.087, 31.2529, 31.2621, 31.4433, 31.6136, 31.7765, 31.8618, 31.9589, 32.0282, 32.3358, 32.5282, 32.7816, 32.9731, 33.0489, 33.2336, 33.3542, 33.487, 33.6143, 33.7953, 34.0478, 34.2868, 34.3685, 34.6142, 34.6716, 34.857, 35.0733, 35.1023, 35.3371, 35.485, 35.6789, 35.7558, 35.909, 36.0447, 36.168, 36.3132, 36.5354, 36.6585, 36.7877, 36.9856, 37.3663, 37.5156, 37.7789, 37.8227, 38.0729, 38.1997, 38.352, 38.5492, 38.5701, 38.8209, 38.8896, 39.2405, 39.511, 39.5659, 39.7324, 39.8844, 39.971, 40.3237, 40.3699, 40.6143, 40.652, 40.8542, 41.0728, 41.085, 41.1003, 41.3683, 41.5338, 41.5647, 41.7123, 42.0386, 42.2865, 42.3821, 42.5894, 42.5978, 42.862, 42.9996, 43.1428, 43.3244, 43.3259, 43.4199, 43.6081, 43.7748, 43.8795, 44.0254, 44.2452, 44.3714, 44.434, 44.6633, 44.7015, 44.9976, 45.0476, 45.2909, 45.5918, 45.8749, 46.1325, 46.228, 46.2461, 46.3665, 46.6037, 46.7543, 46.8056, 47.0779, 47.08, 47.1337, 47.3699, 47.431, 47.5822, 47.8024, 47.9873, 48.1071, 48.1574, 48.4187, 48.4824, 48.6158, 48.7772, 48.9018, 49.1468, 49.2134, 49.2381, 49.3835, 49.5211, 49.6613, 49.9328, 50.0314, 50.1386, 50.493, 50.6277, 50.7269, 50.962, 51.102, 51.1846, 51.3949, 51.5216, 51.6556, 51.85, 52.1944, 52.3309, 52.3375, 52.3929, 52.626, 52.7464, 52.9274, 53.0395, 53.0459, 53.1024, 53.356, 53.4916, 53.6095, 53.7364, 53.741, 54.01, 54.1962, 54.3271, 54.4649, 54.4724, 54.7141, 54.8903, 55.1138, 55.2052, 55.211, 55.4736, 55.5077, 55.8569, 55.9674, 56.1566, 56.259, 56.4745, 56.6249, 56.7903, 56.9924, 57.0314, 57.2701, 57.3811, 57.5008, 57.5195, 57.6428, 57.8213, 57.9494, 58.1213, 58.3498, 58.3585, 58.3785, 58.6055, 58.6994, 58.8518, 59.0799, 59.095, 59.2307, 59.3245, 59.5848, 59.7078, 59.7238, 59.8633, 60.0605, 60.1766, 60.3798, 60.6076, 60.6584, 61.3453, 61.3821, 61.65, 61.7912, 61.9362, 61.9444, 61.9731, 62.1516, 62.2998, 62.4072, 62.6392, 62.6555, 62.7548, 62.9942, 63.0175, 63.27, 63.4296, 63.5105, 63.6184, 63.8132, 64.0397, 64.1924, 64.2468, 64.4501, 64.5754, 64.6559, 64.8834, 65.0201, 65.1888, 65.4079, 65.6847, 65.7075, 65.87, 66.0633, 66.2913, 66.4191, 66.4266, 66.476, 66.6663, 67.0792, 67.0824, 67.3003, 67.7516, 67.9801, 68.231, 68.5128, 68.6243, 68.7031, 68.881, 69.0225, 69.2895, 69.4233, 69.4989, 69.6415, 69.7569, 70.0456, 70.0643, 70.349, 70.7377, 70.9343, 70.9444, 71.1791, 71.4839, 71.6319, 71.7938, 71.9117, 72.0174, 72.2229, 72.65, 72.6609, 73.0289, 73.1345, 73.3005, 73.5136, 73.5244, 73.7188, 73.9087, 73.9537, 74.3722, 74.4734, 74.673, 74.7885, 74.9839, 75.0048, 75.0169, 75.4404, 75.4554, 75.6055, 75.7993, 76.0299, 76.0918, 76.2356, 76.3794, 76.5044, 76.7885, 76.8115, 77.097, 77.1808, 77.3482, 77.3488, 77.4316, 77.6814, 77.9314, 78.056, 78.0598, 78.2437, 78.3667, 78.4544, 78.696, 78.8796, 78.8837, 78.9984, 79.1809, 79.2682, 79.5972, 79.6151, 79.7053, 79.8765, 80.0945, 80.243, 80.3774, 80.4674, 80.7563, 80.9295, 81.09, 81.226, 81.3517, 81.7816, 81.7899, 81.9164, 82.2348, 82.3571, 82.6329, 82.6962, 82.9463, 83.2088
MagicReconstruct-Summary, Ln marginal likelihood
Lines/Chr, 1, X
Line1, -64.0673, -54.5538
Line2, -61.9733, -45.1393
Line3, -99.4809, -31.461
Line4, -173.783, -78.9635
MagicReconstruct-Summary, haplotypes in order
Haplotype, Code, founder
haplotype1, 1, A/J
haplotype2, 2, C57BL/6J
haplotype3, 3, 129S1/SvImJ
haplotype4, 4, NOD/ShiLtJ
haplotype5, 5, NZO/HlLtJ
haplotype6, 6, CAST/EiJ
haplotype7, 7, PWK/PhJ
haplotype8, 8, WSB/EiJ
MagicReconstruct-Summary, diplotypes in order
Diplotype, Code, founder
diplotype1, 1---1, A/J---A/J
diplotype2, 1---2, A/J---C57BL/6J
diplotype3, 1---3, A/J---129S1/SvImJ
diplotype4, 1---4, A/J---NOD/ShiLtJ
diplotype5, 1---5, A/J---NZO/HlLtJ
diplotype6, 1---6, A/J---CAST/EiJ
diplotype7, 1---7, A/J---PWK/PhJ
diplotype8, 1---8, A/J---WSB/EiJ
diplotype9, 2---1, C57BL/6J---A/J
diplotype10, 2---2, C57BL/6J---C57BL/6J
diplotype11, 2---3, C57BL/6J---129S1/SvImJ
diplotype12, 2---4, C57BL/6J---NOD/ShiLtJ
diplotype13, 2---5, C57BL/6J---NZO/HlLtJ
diplotype14, 2---6, C57BL/6J---CAST/EiJ
diplotype15, 2---7, C57BL/6J---PWK/PhJ
diplotype16, 2---8, C57BL/6J---WSB/EiJ
diplotype17, 3---1, 129S1/SvImJ---A/J
diplotype18, 3---2, 129S1/SvImJ---C57BL/6J
diplotype19, 3---3, 129S1/SvImJ---129S1/SvImJ
diplotype20, 3---4, 129S1/SvImJ---NOD/ShiLtJ
diplotype21, 3---5, 129S1/SvImJ---NZO/HlLtJ
diplotype22, 3---6, 129S1/SvImJ---CAST/EiJ
diplotype23, 3---7, 129S1/SvImJ---PWK/PhJ
diplotype24, 3---8, 129S1/SvImJ---WSB/EiJ
diplotype25, 4---1, NOD/ShiLtJ---A/J
diplotype26, 4---2, NOD/ShiLtJ---C57BL/6J
diplotype27, 4---3, NOD/ShiLtJ---129S1/SvImJ
diplotype28, 4---4, NOD/ShiLtJ---NOD/ShiLtJ
diplotype29, 4---5, NOD/ShiLtJ---NZO/HlLtJ
diplotype30, 4---6, NOD/ShiLtJ---CAST/EiJ
diplotype31, 4---7, NOD/ShiLtJ---PWK/PhJ
diplotype32, 4---8, NOD/ShiLtJ---WSB/EiJ
diplotype33, 5---1, NZO/HlLtJ---A/J
diplotype34, 5---2, NZO/HlLtJ---C57BL/6J
diplotype35, 5---3, NZO/HlLtJ---129S1/SvImJ
diplotype36, 5---4, NZO/HlLtJ---NOD/ShiLtJ
diplotype37, 5---5, NZO/HlLtJ---NZO/HlLtJ
diplotype38, 5---6, NZO/HlLtJ---CAST/EiJ
diplotype39, 5---7, NZO/HlLtJ---PWK/PhJ
diplotype40, 5---8, NZO/HlLtJ---WSB/EiJ
diplotype41, 6---1, CAST/EiJ---A/J
diplotype42, 6---2, CAST/EiJ---C57BL/6J
diplotype43, 6---3, CAST/EiJ---129S1/SvImJ
diplotype44, 6---4, CAST/EiJ---NOD/ShiLtJ
diplotype45, 6---5, CAST/EiJ---NZO/HlLtJ
diplotype46, 6---6, CAST/EiJ---CAST/EiJ
diplotype47, 6---7, CAST/EiJ---PWK/PhJ
diplotype48, 6---8, CAST/EiJ---WSB/EiJ
diplotype49, 7---1, PWK/PhJ---A/J
diplotype50, 7---2, PWK/PhJ---C57BL/6J
diplotype51, 7---3, PWK/PhJ---129S1/SvImJ
diplotype52, 7---4, PWK/PhJ---NOD/ShiLtJ
diplotype53, 7---5, PWK/PhJ---NZO/HlLtJ
diplotype54, 7---6, PWK/PhJ---CAST/EiJ
diplotype55, 7---7, PWK/PhJ---PWK/PhJ
diplotype56, 7---8, PWK/PhJ---WSB/EiJ
diplotype57, 8---1, WSB/EiJ---A/J
diplotype58, 8---2, WSB/EiJ---C57BL/6J
diplotype59, 8---3, WSB/EiJ---129S1/SvImJ
diplotype60, 8---4, WSB/EiJ---NOD/ShiLtJ
diplotype61, 8---5, WSB/EiJ---NZO/HlLtJ
diplotype62, 8---6, WSB/EiJ---CAST/EiJ
diplotype63, 8---7, WSB/EiJ---PWK/PhJ
diplotype64, 8---8, WSB/EiJ---WSB/EiJ
MagicReconstruct-Summary, Viterbi path of diplotypes
Lines, ViterbiPath
Line1, 1-64-8-55-103-28-478-37-552||1-10-172-37-402-10-496
Line2, 1-39-108-55-342-46-511-55-552||1-37-94-28-496
Line3, 1-46-11-22-112-46-146-1-206-3-355-1-398-10-478-1-552||1-55-107-46-496
Line4, 1-28-19-29-41-53-77-37-132-55-155-37-178-55-198-28-277-10-334-1-340-37-347-13-372-37-404-10-422-37-470-1-552||1-28-36-64-278-10-445-28-469-64-496